quote_date,description,item_id,price,item_name
1990-02-01,BUTTER-HOME PRODUCED-250G,211301,0.6426633,Butter
1990-02-01,EGGS-MEDIUM-PER DOZ OR 2 X 6,211602,1.1181945,Eggs
1990-02-01,FLOUR-SELF-RAISING-1.5KG,210201,0.56821704,Flour
1990-02-01,SHOP MILK-WHOLE MILK-4PT/2LTR,211709,0.96984124,Milk
1990-02-01,SUGAR -GRANULATED-WHITE-PER KG,212101,0.5926291,Sugar
1990-03-01,BUTTER-HOME PRODUCED-250G,211301,0.6336126,Butter
1990-03-01,EGGS-MEDIUM-PER DOZ OR 2 X 6,211602,1.0930282,Eggs
1990-03-01,FLOUR-SELF-RAISING-1.5KG,210201,0.5612782,Flour
1990-03-01,SHOP MILK-WHOLE MILK-4PT/2LTR,211709,0.9882759,Milk
1990-03-01,SUGAR -GRANULATED-WHITE-PER KG,212101,0.5943192,Sugar
1990-04-01,BUTTER-HOME PRODUCED-250G,211301,0.62658656,Butter
1990-04-01,EGGS-MEDIUM-PER DOZ OR 2 X 6,211602,1.1212752,Eggs
1990-04-01,FLOUR-SELF-RAISING-1.5KG,210201,0.55814815,Flour
1990-04-01,SHOP MILK-WHOLE MILK-4PT/2LTR,211709,0.9708667,Milk
1990-04-01,SUGAR -GRANULATED-WHITE-PER KG,212101,0.59381396,Sugar
1990-05-01,BUTTER-HOME PRODUCED-250G,211301,0.62266356,Butter
1990-05-01,EGGS-MEDIUM-PER DOZ OR 2 X 6,211602,1.0916001,Eggs
1990-05-01,FLOUR-SELF-RAISING-1.5KG,210201,0.55755395,Flour
1990-05-01,SHOP MILK-WHOLE MILK-4PT/2LTR,211709,0.9928481,Milk
1990-05-01,SUGAR -GRANULATED-WHITE-PER KG,212101,0.59598166,Sugar
1990-06-01,BUTTER-HOME PRODUCED-250G,211301,0.63495,Butter
1990-06-01,EGGS-MEDIUM-PER DOZ OR 2 X 6,211602,1.0993464,Eggs
1990-06-01,FLOUR-SELF-RAISING-1.5KG,210201,0.5653623,Flour
1990-06-01,SHOP MILK-WHOLE MILK-4PT/2LTR,211709,0.9894969,Milk
1990-06-01,SUGAR -GRANULATED-WHITE-PER KG,212101,0.59828055,Sugar
1990-07-01,BUTTER-HOME PRODUCED-250G,211301,0.63128865,Butter
1990-07-01,EGGS-MEDIUM-PER DOZ OR 2 X 6,211602,1.0962992,Eggs
1990-07-01,FLOUR-SELF-RAISING-1.5KG,210201,0.5543511,Flour
1990-07-01,SHOP MILK-WHOLE MILK-4PT/2LTR,211709,0.9855769,Milk
1990-07-01,SUGAR -GRANULATED-WHITE-PER KG,212101,0.625314,Sugar
1990-08-01,BUTTER-HOME PRODUCED-250G,211301,0.6341414,Butter
1990-08-01,EGGS-MEDIUM-PER DOZ OR 2 X 6,211602,1.0908334,Eggs
1990-08-01,FLOUR-SELF-RAISING-1.5KG,210201,0.55764705,Flour
1990-08-01,SHOP MILK-WHOLE MILK-4PT/2LTR,211709,0.9868125,Milk
1990-08-01,SUGAR -GRANULATED-WHITE-PER KG,212101,0.6347393,Sugar
1990-09-01,BUTTER-HOME PRODUCED-250G,211301,0.6288293,Butter
1990-09-01,EGGS-MEDIUM-PER DOZ OR 2 X 6,211602,1.0533847,Eggs
1990-09-01,FLOUR-SELF-RAISING-1.5KG,210201,0.5548227,Flour
1990-09-01,SHOP MILK-WHOLE MILK-4PT/2LTR,211709,0.96121216,Milk
1990-09-01,SUGAR -GRANULATED-WHITE-PER KG,212101,0.63881814,Sugar
1990-10-01,BUTTER-HOME PRODUCED-250G,211301,0.6312,Butter
1990-10-01,EGGS-MEDIUM-PER DOZ OR 2 X 6,211602,1.0561719,Eggs
1990-10-01,FLOUR-SELF-RAISING-1.5KG,210201,0.55375,Flour
1990-10-01,SHOP MILK-WHOLE MILK-4PT/2LTR,211709,0.9993023,Milk
1990-10-01,SUGAR -GRANULATED-WHITE-PER KG,212101,0.6429032,Sugar
1990-11-01,BUTTER-HOME PRODUCED-250G,211301,0.6257211,Butter
1990-11-01,EGGS-MEDIUM-PER DOZ OR 2 X 6,211602,1.0133803,Eggs
1990-11-01,FLOUR-SELF-RAISING-1.5KG,210201,0.57058823,Flour
1990-11-01,SHOP MILK-WHOLE MILK-4PT/2LTR,211709,1.0305747,Milk
1990-11-01,SUGAR -GRANULATED-WHITE-PER KG,212101,0.6437931,Sugar
1990-12-01,BUTTER-HOME PRODUCED-250G,211301,0.62767327,Butter
1990-12-01,EGGS-MEDIUM-PER DOZ OR 2 X 6,211602,1.0575556,Eggs
1990-12-01,FLOUR-SELF-RAISING-1.5KG,210201,0.58632815,Flour
1990-12-01,SHOP MILK-WHOLE MILK-4PT/2LTR,211709,1.0471007,Milk
1990-12-01,SUGAR -GRANULATED-WHITE-PER KG,212101,0.64542985,Sugar
1991-01-01,BUTTER-HOME PRODUCED-250G,211301,0.62952876,Butter
1991-01-01,EGGS-MEDIUM-PER DOZ OR 2 X 6,211602,1.0623423,Eggs
1991-01-01,FLOUR-SELF-RAISING-1.5KG,210201,0.5960975,Flour
1991-01-01,SHOP MILK-WHOLE MILK-4PT/2LTR,211709,1.0701243,Milk
1991-01-01,SUGAR -GRANULATED-WHITE-PER KG,212101,0.65650487,Sugar
1991-02-01,BUTTER-HOME PRODUCED-250G,211301,0.62477064,Butter
1991-02-01,EGGS-MEDIUM-PER DOZ OR 2 X 6,211602,1.0459259,Eggs
1991-02-01,FLOUR-SELF-RAISING-1.5KG,210201,0.59729326,Flour
1991-02-01,SHOP MILK-WHOLE MILK-4PT/2LTR,211709,1.0768108,Milk
1991-02-01,SUGAR -GRANULATED-WHITE-PER KG,212101,0.6615179,Sugar
1991-03-01,BUTTER-HOME PRODUCED-250G,211301,0.62539536,Butter
1991-03-01,EGGS-MEDIUM-PER DOZ OR 2 X 6,211602,1.0732168,Eggs
1991-03-01,FLOUR-SELF-RAISING-1.5KG,210201,0.59769785,Flour
1991-03-01,SHOP MILK-WHOLE MILK-4PT/2LTR,211709,1.0750778,Milk
1991-03-01,SUGAR -GRANULATED-WHITE-PER KG,212101,0.66442627,Sugar
1991-04-01,BUTTER-HOME PRODUCED-250G,211301,0.6258051,Butter
1991-04-01,EGGS-MEDIUM-PER DOZ OR 2 X 6,211602,1.0247916,Eggs
1991-04-01,FLOUR-SELF-RAISING-1.5KG,210201,0.6053333,Flour
1991-04-01,SHOP MILK-WHOLE MILK-4PT/2LTR,211709,1.0774641,Milk
1991-04-01,SUGAR -GRANULATED-WHITE-PER KG,212101,0.6655469,Sugar
1991-05-01,BUTTER-HOME PRODUCED-250G,211301,0.6285321,Butter
1991-05-01,EGGS-MEDIUM-PER DOZ OR 2 X 6,211602,1.0430069,Eggs
1991-05-01,FLOUR-SELF-RAISING-1.5KG,210201,0.62072,Flour
1991-05-01,SHOP MILK-WHOLE MILK-4PT/2LTR,211709,1.0802199,Milk
1991-05-01,SUGAR -GRANULATED-WHITE-PER KG,212101,0.66683334,Sugar
1991-06-01,BUTTER-HOME PRODUCED-250G,211301,0.6286547,Butter
1991-06-01,EGGS-MEDIUM-PER DOZ OR 2 X 6,211602,1.0219864,Eggs
1991-06-01,FLOUR-SELF-RAISING-1.5KG,210201,0.6359091,Flour
1991-06-01,SHOP MILK-WHOLE MILK-4PT/2LTR,211709,1.0783247,Milk
1991-06-01,SUGAR -GRANULATED-WHITE-PER KG,212101,0.66718256,Sugar
1991-07-01,BUTTER-HOME PRODUCED-250G,211301,0.63817775,Butter
1991-07-01,EGGS-MEDIUM-PER DOZ OR 2 X 6,211602,0.9788435,Eggs
1991-07-01,FLOUR-SELF-RAISING-1.5KG,210201,0.63889706,Flour
1991-07-01,SHOP MILK-WHOLE MILK-4PT/2LTR,211709,1.074455,Milk
1991-07-01,SUGAR -GRANULATED-WHITE-PER KG,212101,0.6701154,Sugar
1991-08-01,BUTTER-HOME PRODUCED-250G,211301,0.64381576,Butter
1991-08-01,EGGS-MEDIUM-PER DOZ OR 2 X 6,211602,0.9914094,Eggs
1991-08-01,FLOUR-SELF-RAISING-1.5KG,210201,0.6285821,Flour
1991-08-01,SHOP MILK-WHOLE MILK-4PT/2LTR,211709,1.0717703,Milk
1991-08-01,SUGAR -GRANULATED-WHITE-PER KG,212101,0.67264366,Sugar
1991-09-01,BUTTER-HOME PRODUCED-250G,211301,0.6358661,Butter
1991-09-01,EGGS-MEDIUM-PER DOZ OR 2 X 6,211602,0.988038,Eggs
1991-09-01,FLOUR-SELF-RAISING-1.5KG,210201,0.6276351,Flour
1991-09-01,SHOP MILK-WHOLE MILK-4PT/2LTR,211709,1.078707,Milk
1991-09-01,SUGAR -GRANULATED-WHITE-PER KG,212101,0.6717376,Sugar
1991-10-01,BUTTER-HOME PRODUCED-250G,211301,0.6434701,Butter
1991-10-01,EGGS-MEDIUM-PER DOZ OR 2 X 6,211602,1.0437427,Eggs
1991-10-01,FLOUR-SELF-RAISING-1.5KG,210201,0.63707006,Flour
1991-10-01,SHOP MILK-WHOLE MILK-4PT/2LTR,211709,1.0777911,Milk
1991-10-01,SUGAR -GRANULATED-WHITE-PER KG,212101,0.6692282,Sugar
1991-11-01,BUTTER-HOME PRODUCED-250G,211301,0.65709925,Butter
1991-11-01,EGGS-MEDIUM-PER DOZ OR 2 X 6,211602,1.0543646,Eggs
1991-11-01,FLOUR-SELF-RAISING-1.5KG,210201,0.6389024,Flour
1991-11-01,SHOP MILK-WHOLE MILK-4PT/2LTR,211709,1.0761905,Milk
1991-11-01,SUGAR -GRANULATED-WHITE-PER KG,212101,0.66801304,Sugar
1991-12-01,BUTTER-HOME PRODUCED-250G,211301,0.6589568,Butter
1991-12-01,EGGS-MEDIUM-PER DOZ OR 2 X 6,211602,1.1094118,Eggs
1991-12-01,FLOUR-SELF-RAISING-1.5KG,210201,0.64093167,Flour
1991-12-01,SHOP MILK-WHOLE MILK-4PT/2LTR,211709,1.071,Milk
1991-12-01,SUGAR -GRANULATED-WHITE-PER KG,212101,0.6669281,Sugar
1992-01-01,BUTTER-HOME PRODUCED-250G,211301,0.6737597,Butter
1992-01-01,EGGS-MEDIUM-PER DOZ OR 2 X 6,211602,1.1074301,Eggs
1992-01-01,FLOUR-SELF-RAISING-1.5KG,210201,0.65000004,Flour
1992-01-01,SHOP MILK-WHOLE MILK-4PT/2LTR,211709,1.0669513,Milk
1992-01-01,SUGAR -GRANULATED-WHITE-PER KG,212101,0.6665147,Sugar
1992-02-01,BUTTER-HOME PRODUCED-250G,211301,0.65278685,Butter
1992-02-01,EGGS-MEDIUM-PER DOZ OR 2 X 6,211602,1.0641726,Eggs
1992-02-01,FLOUR-SELF-RAISING-1.5KG,210201,0.6575862,Flour
1992-02-01,SHOP MILK-WHOLE MILK-4PT/2LTR,211709,1.0617777,Milk
1992-02-01,SUGAR -GRANULATED-WHITE-PER KG,212101,0.6649261,Sugar
1992-03-01,BUTTER-HOME PRODUCED-250G,211301,0.6458427,Butter
1992-03-01,EGGS-MEDIUM-PER DOZ OR 2 X 6,211602,1.05104,Eggs
1992-03-01,FLOUR-SELF-RAISING-1.5KG,210201,0.6706294,Flour
1992-03-01,SHOP MILK-WHOLE MILK-4PT/2LTR,211709,1.0492398,Milk
1992-03-01,SUGAR -GRANULATED-WHITE-PER KG,212101,0.65849745,Sugar
1992-04-01,BUTTER-HOME PRODUCED-250G,211301,0.6527428,Butter
1992-04-01,EGGS-MEDIUM-PER DOZ OR 2 X 6,211602,1.0285715,Eggs
1992-04-01,FLOUR-SELF-RAISING-1.5KG,210201,0.6652023,Flour
1992-04-01,SHOP MILK-WHOLE MILK-4PT/2LTR,211709,1.060565,Milk
1992-04-01,SUGAR -GRANULATED-WHITE-PER KG,212101,0.6513441,Sugar
1992-05-01,BUTTER-HOME PRODUCED-250G,211301,0.65184355,Butter
1992-05-01,EGGS-MEDIUM-PER DOZ OR 2 X 6,211602,1.0252556,Eggs
1992-05-01,FLOUR-SELF-RAISING-1.5KG,210201,0.6696,Flour
1992-05-01,SHOP MILK-WHOLE MILK-4PT/2LTR,211709,1.0567045,Milk
1992-05-01,SUGAR -GRANULATED-WHITE-PER KG,212101,0.6478534,Sugar
1992-06-01,BUTTER-HOME PRODUCED-250G,211301,0.65128344,Butter
1992-06-01,EGGS-MEDIUM-PER DOZ OR 2 X 6,211602,1.0278723,Eggs
1992-06-01,FLOUR-SELF-RAISING-1.5KG,210201,0.6719231,Flour
1992-06-01,SHOP MILK-WHOLE MILK-4PT/2LTR,211709,1.0682759,Milk
1992-06-01,SUGAR -GRANULATED-WHITE-PER KG,212101,0.64568526,Sugar
1992-07-01,BUTTER-HOME PRODUCED-250G,211301,0.65255433,Butter
1992-07-01,EGGS-MEDIUM-PER DOZ OR 2 X 6,211602,1.0245714,Eggs
1992-07-01,FLOUR-SELF-RAISING-1.5KG,210201,0.6663978,Flour
1992-07-01,SHOP MILK-WHOLE MILK-4PT/2LTR,211709,1.0845029,Milk
1992-07-01,SUGAR -GRANULATED-WHITE-PER KG,212101,0.64558977,Sugar
1992-08-01,BUTTER-HOME PRODUCED-250G,211301,0.6509091,Butter
1992-08-01,EGGS-MEDIUM-PER DOZ OR 2 X 6,211602,1.0135714,Eggs
1992-08-01,FLOUR-SELF-RAISING-1.5KG,210201,0.6651872,Flour
1992-08-01,SHOP MILK-WHOLE MILK-4PT/2LTR,211709,1.0753889,Milk
1992-08-01,SUGAR -GRANULATED-WHITE-PER KG,212101,0.64253885,Sugar
1992-09-01,BUTTER-HOME PRODUCED-250G,211301,0.6473936,Butter
1992-09-01,EGGS-MEDIUM-PER DOZ OR 2 X 6,211602,0.9843478,Eggs
1992-09-01,FLOUR-SELF-RAISING-1.5KG,210201,0.6648913,Flour
1992-09-01,SHOP MILK-WHOLE MILK-4PT/2LTR,211709,1.0780663,Milk
1992-09-01,SUGAR -GRANULATED-WHITE-PER KG,212101,0.6401031,Sugar
1992-10-01,BUTTER-HOME PRODUCED-250G,211301,0.6468984,Butter
1992-10-01,EGGS-MEDIUM-PER DOZ OR 2 X 6,211602,1.0375695,Eggs
1992-10-01,FLOUR-SELF-RAISING-1.5KG,210201,0.6520106,Flour
1992-10-01,SHOP MILK-WHOLE MILK-4PT/2LTR,211709,1.0641936,Milk
1992-10-01,SUGAR -GRANULATED-WHITE-PER KG,212101,0.6401031,Sugar
1992-11-01,BUTTER-HOME PRODUCED-250G,211301,0.653956,Butter
1992-11-01,EGGS-MEDIUM-PER DOZ OR 2 X 6,211602,1.0188811,Eggs
1992-11-01,FLOUR-SELF-RAISING-1.5KG,210201,0.6472043,Flour
1992-11-01,SHOP MILK-WHOLE MILK-4PT/2LTR,211709,1.0313513,Milk
1992-11-01,SUGAR -GRANULATED-WHITE-PER KG,212101,0.6402551,Sugar
1992-12-01,BUTTER-HOME PRODUCED-250G,211301,0.66174865,Butter
1992-12-01,EGGS-MEDIUM-PER DOZ OR 2 X 6,211602,1.0973973,Eggs
1992-12-01,FLOUR-SELF-RAISING-1.5KG,210201,0.6463637,Flour
1992-12-01,SHOP MILK-WHOLE MILK-4PT/2LTR,211709,1.0214286,Milk
1992-12-01,SUGAR -GRANULATED-WHITE-PER KG,212101,0.6481771,Sugar
1993-01-01,BUTTER-HOME PRODUCED-250G,211301,0.665618,Butter
1993-01-01,EGGS-MEDIUM-PER DOZ OR 2 X 6,211602,1.0776086,Eggs
1993-01-01,FLOUR-SELF-RAISING-1.5KG,210201,0.646508,Flour
1993-01-01,SHOP MILK-WHOLE MILK-4PT/2LTR,211709,1.0110271,Milk
1993-01-01,SUGAR -GRANULATED-WHITE-PER KG,212101,0.67406416,Sugar
1993-02-01,BUTTER-HOME PRODUCED-250G,211301,0.67781913,Butter
1993-02-01,EGGS-MEDIUM-PER DOZ OR 2 X 6,211602,1.0592518,Eggs
1993-02-01,FLOUR-SELF-RAISING-1.5KG,210201,0.6584293,Flour
1993-02-01,SHOP MILK-WHOLE MILK-4PT/2LTR,211709,1.0047644,Milk
1993-02-01,SUGAR -GRANULATED-WHITE-PER KG,212101,0.6770707,Sugar
1993-03-01,BUTTER-HOME PRODUCED-250G,211301,0.68718916,Butter
1993-03-01,EGGS-MEDIUM-PER DOZ OR 2 X 6,211602,1.0351725,Eggs
1993-03-01,FLOUR-SELF-RAISING-1.5KG,210201,0.6544792,Flour
1993-03-01,SHOP MILK-WHOLE MILK-4PT/2LTR,211709,0.9902674,Milk
1993-03-01,SUGAR -GRANULATED-WHITE-PER KG,212101,0.7008763,Sugar
1993-04-01,BUTTER-HOME PRODUCED-250G,211301,0.7011299,Butter
1993-04-01,EGGS-MEDIUM-PER DOZ OR 2 X 6,211602,1.040493,Eggs
1993-04-01,FLOUR-SELF-RAISING-1.5KG,210201,0.6504189,Flour
1993-04-01,SHOP MILK-WHOLE MILK-4PT/2LTR,211709,0.97973543,Milk
1993-04-01,SUGAR -GRANULATED-WHITE-PER KG,212101,0.69973963,Sugar
1993-05-01,BUTTER-HOME PRODUCED-250G,211301,0.7022222,Butter
1993-05-01,EGGS-MEDIUM-PER DOZ OR 2 X 6,211602,1.0405406,Eggs
1993-05-01,FLOUR-SELF-RAISING-1.5KG,210201,0.6535897,Flour
1993-05-01,SHOP MILK-WHOLE MILK-4PT/2LTR,211709,0.97759163,Milk
1993-05-01,SUGAR -GRANULATED-WHITE-PER KG,212101,0.69985,Sugar
1993-06-01,BUTTER-HOME PRODUCED-250G,211301,0.70053476,Butter
1993-06-01,EGGS-MEDIUM-PER DOZ OR 2 X 6,211602,1.1130986,Eggs
1993-06-01,FLOUR-SELF-RAISING-1.5KG,210201,0.6499495,Flour
1993-06-01,SHOP MILK-WHOLE MILK-4PT/2LTR,211709,0.9830688,Milk
1993-06-01,SUGAR -GRANULATED-WHITE-PER KG,212101,0.69845,Sugar
1993-07-01,BUTTER-HOME PRODUCED-250G,211301,0.69580644,Butter
1993-07-01,EGGS-MEDIUM-PER DOZ OR 2 X 6,211602,1.1118115,Eggs
1993-07-01,FLOUR-SELF-RAISING-1.5KG,210201,0.6555102,Flour
1993-07-01,SHOP MILK-WHOLE MILK-4PT/2LTR,211709,0.9936316,Milk
1993-07-01,SUGAR -GRANULATED-WHITE-PER KG,212101,0.6996482,Sugar
1993-08-01,BUTTER-HOME PRODUCED-250G,211301,0.69210523,Butter
1993-08-01,EGGS-MEDIUM-PER DOZ OR 2 X 6,211602,1.1218001,Eggs
1993-08-01,FLOUR-SELF-RAISING-1.5KG,210201,0.656134,Flour
1993-08-01,SHOP MILK-WHOLE MILK-4PT/2LTR,211709,0.98345363,Milk
1993-08-01,SUGAR -GRANULATED-WHITE-PER KG,212101,0.70059705,Sugar
1993-09-01,BUTTER-HOME PRODUCED-250G,211301,0.69151044,Butter
1993-09-01,EGGS-MEDIUM-PER DOZ OR 2 X 6,211602,1.1414094,Eggs
1993-09-01,FLOUR-SELF-RAISING-1.5KG,210201,0.64520615,Flour
1993-09-01,SHOP MILK-WHOLE MILK-4PT/2LTR,211709,0.9697436,Milk
1993-09-01,SUGAR -GRANULATED-WHITE-PER KG,212101,0.6993171,Sugar
1993-10-01,BUTTER-HOME PRODUCED-250G,211301,0.69082475,Butter
1993-10-01,EGGS-MEDIUM-PER DOZ OR 2 X 6,211602,1.1594374,Eggs
1993-10-01,FLOUR-SELF-RAISING-1.5KG,210201,0.6240513,Flour
1993-10-01,SHOP MILK-WHOLE MILK-4PT/2LTR,211709,0.93735754,Milk
1993-10-01,SUGAR -GRANULATED-WHITE-PER KG,212101,0.68842363,Sugar
1993-11-01,BUTTER-HOME PRODUCED-250G,211301,0.69026315,Butter
1993-11-01,EGGS-MEDIUM-PER DOZ OR 2 X 6,211602,1.1453289,Eggs
1993-11-01,FLOUR-SELF-RAISING-1.5KG,210201,0.62743586,Flour
1993-11-01,SHOP MILK-WHOLE MILK-4PT/2LTR,211709,0.9107614,Milk
1993-11-01,SUGAR -GRANULATED-WHITE-PER KG,212101,0.6856,Sugar
1993-12-01,BUTTER-HOME PRODUCED-250G,211301,0.69130206,Butter
1993-12-01,EGGS-MEDIUM-PER DOZ OR 2 X 6,211602,1.1421118,Eggs
1993-12-01,FLOUR-SELF-RAISING-1.5KG,210201,0.61944443,Flour
1993-12-01,SHOP MILK-WHOLE MILK-4PT/2LTR,211709,0.90263957,Milk
1993-12-01,SUGAR -GRANULATED-WHITE-PER KG,212101,0.68025,Sugar
1994-01-01,BUTTER-HOME PRODUCED-250G,211301,0.69109374,Butter
1994-01-01,EGGS-MEDIUM-PER DOZ OR 2 X 6,211602,1.1454777,Eggs
1994-01-01,FLOUR-SELF-RAISING-1.5KG,210201,0.6178713,Flour
1994-01-01,SHOP MILK-WHOLE MILK-4PT/2LTR,211709,0.90050507,Milk
1994-01-01,SUGAR -GRANULATED-WHITE-PER KG,212101,0.68103963,Sugar
1994-02-01,BUTTER-HOME PRODUCED-250G,211301,0.68937826,Butter
1994-02-01,EGGS-MEDIUM-PER DOZ OR 2 X 6,211602,1.1570069,Eggs
1994-02-01,FLOUR-SELF-RAISING-1.5KG,210201,0.6151244,Flour
1994-02-01,SHOP MILK-WHOLE MILK-4PT/2LTR,211709,0.8964975,Milk
1994-02-01,SUGAR -GRANULATED-WHITE-PER KG,212101,0.6787438,Sugar
1994-03-01,BUTTER-HOME PRODUCED-250G,211301,0.6994737,Butter
1994-03-01,EGGS-MEDIUM-PER DOZ OR 2 X 6,211602,1.1628379,Eggs
1994-03-01,FLOUR-SELF-RAISING-1.5KG,210201,0.61155,Flour
1994-03-01,SHOP MILK-WHOLE MILK-4PT/2LTR,211709,0.9136649,Milk
1994-03-01,SUGAR -GRANULATED-WHITE-PER KG,212101,0.6828358,Sugar
1994-04-01,BUTTER-HOME PRODUCED-250G,211301,0.70256543,Butter
1994-04-01,EGGS-MEDIUM-PER DOZ OR 2 X 6,211602,1.1775167,Eggs
1994-04-01,FLOUR-SELF-RAISING-1.5KG,210201,0.6098985,Flour
1994-04-01,SHOP MILK-WHOLE MILK-4PT/2LTR,211709,0.90854925,Milk
1994-04-01,SUGAR -GRANULATED-WHITE-PER KG,212101,0.6828358,Sugar
1994-05-01,BUTTER-HOME PRODUCED-250G,211301,0.69344497,Butter
1994-05-01,EGGS-MEDIUM-PER DOZ OR 2 X 6,211602,1.1508824,Eggs
1994-05-01,FLOUR-SELF-RAISING-1.5KG,210201,0.6254412,Flour
1994-05-01,SHOP MILK-WHOLE MILK-4PT/2LTR,211709,0.9021905,Milk
1994-05-01,SUGAR -GRANULATED-WHITE-PER KG,212101,0.67826486,Sugar
1994-06-01,BUTTER-HOME PRODUCED-250G,211301,0.6955555,Butter
1994-06-01,EGGS-MEDIUM-PER DOZ OR 2 X 6,211602,1.1594578,Eggs
1994-06-01,FLOUR-SELF-RAISING-1.5KG,210201,0.610198,Flour
1994-06-01,SHOP MILK-WHOLE MILK-4PT/2LTR,211709,0.8944812,Milk
1994-06-01,SUGAR -GRANULATED-WHITE-PER KG,212101,0.679447,Sugar
1994-07-01,BUTTER-HOME PRODUCED-250G,211301,0.69330233,Butter
1994-07-01,EGGS-MEDIUM-PER DOZ OR 2 X 6,211602,1.1823392,Eggs
1994-07-01,FLOUR-SELF-RAISING-1.5KG,210201,0.6112255,Flour
1994-07-01,SHOP MILK-WHOLE MILK-4PT/2LTR,211709,0.8859813,Milk
1994-07-01,SUGAR -GRANULATED-WHITE-PER KG,212101,0.67799085,Sugar
1994-08-01,BUTTER-HOME PRODUCED-250G,211301,0.69654256,Butter
1994-08-01,EGGS-MEDIUM-PER DOZ OR 2 X 6,211602,1.1881945,Eggs
1994-08-01,FLOUR-SELF-RAISING-1.5KG,210201,0.60781723,Flour
1994-08-01,SHOP MILK-WHOLE MILK-4PT/2LTR,211709,0.88276047,Milk
1994-08-01,SUGAR -GRANULATED-WHITE-PER KG,212101,0.6794975,Sugar
1994-09-01,BUTTER-HOME PRODUCED-250G,211301,0.6938235,Butter
1994-09-01,EGGS-MEDIUM-PER DOZ OR 2 X 6,211602,1.1667631,Eggs
1994-09-01,FLOUR-SELF-RAISING-1.5KG,210201,0.6078818,Flour
1994-09-01,SHOP MILK-WHOLE MILK-4PT/2LTR,211709,0.88248825,Milk
1994-09-01,SUGAR -GRANULATED-WHITE-PER KG,212101,0.66683483,Sugar
1994-10-01,BUTTER-HOME PRODUCED-250G,211301,0.6932512,Butter
1994-10-01,EGGS-MEDIUM-PER DOZ OR 2 X 6,211602,1.200479,Eggs
1994-10-01,FLOUR-SELF-RAISING-1.5KG,210201,0.5963366,Flour
1994-10-01,SHOP MILK-WHOLE MILK-4PT/2LTR,211709,0.86633664,Milk
1994-10-01,SUGAR -GRANULATED-WHITE-PER KG,212101,0.62758136,Sugar
1994-11-01,BUTTER-HOME PRODUCED-250G,211301,0.7018932,Butter
1994-11-01,EGGS-MEDIUM-PER DOZ OR 2 X 6,211602,1.1793605,Eggs
1994-11-01,FLOUR-SELF-RAISING-1.5KG,210201,0.6032195,Flour
1994-11-01,SHOP MILK-WHOLE MILK-4PT/2LTR,211709,0.90897197,Milk
1994-11-01,SUGAR -GRANULATED-WHITE-PER KG,212101,0.62032866,Sugar
1994-12-01,BUTTER-HOME PRODUCED-250G,211301,0.70112747,Butter
1994-12-01,EGGS-MEDIUM-PER DOZ OR 2 X 6,211602,1.2022619,Eggs
1994-12-01,FLOUR-SELF-RAISING-1.5KG,210201,0.6001478,Flour
1994-12-01,SHOP MILK-WHOLE MILK-4PT/2LTR,211709,0.9135715,Milk
1994-12-01,SUGAR -GRANULATED-WHITE-PER KG,212101,0.6199083,Sugar
1995-01-01,BUTTER-HOME PRODUCED-250G,211301,0.70669997,Butter
1995-01-01,EGGS-MEDIUM-PER DOZ OR 2 X 6,211602,1.2152326,Eggs
1995-01-01,FLOUR-SELF-RAISING-1.5KG,210201,0.6042157,Flour
1995-01-01,SHOP MILK-WHOLE MILK-4PT/2LTR,211709,0.91278297,Milk
1995-01-01,SUGAR -GRANULATED-WHITE-PER KG,212101,0.6299082,Sugar
1995-02-01,BUTTER-HOME PRODUCED-250G,211301,0.7130688,Butter
1995-02-01,EGGS-MEDIUM-PER DOZ OR 2 X 6,211602,1.1609203,Eggs
1995-02-01,FLOUR-SELF-RAISING-1.5KG,210201,0.61165804,Flour
1995-02-01,SHOP MILK-WHOLE MILK-4PT/2LTR,211709,0.92183965,Milk
1995-02-01,SUGAR -GRANULATED-WHITE-PER KG,212101,0.6491428,Sugar
1995-03-01,BUTTER-HOME PRODUCED-250G,211301,0.7259068,Butter
1995-03-01,EGGS-MEDIUM-PER DOZ OR 2 X 6,211602,1.1633939,Eggs
1995-03-01,FLOUR-SELF-RAISING-1.5KG,210201,0.6095312,Flour
1995-03-01,SHOP MILK-WHOLE MILK-4PT/2LTR,211709,0.92225355,Milk
1995-03-01,SUGAR -GRANULATED-WHITE-PER KG,212101,0.65471965,Sugar
1995-04-01,BUTTER-HOME PRODUCED-250G,211301,0.7451295,Butter
1995-04-01,EGGS-MEDIUM-PER DOZ OR 2 X 6,211602,1.1655062,Eggs
1995-04-01,FLOUR-SELF-RAISING-1.5KG,210201,0.6101015,Flour
1995-04-01,SHOP MILK-WHOLE MILK-4PT/2LTR,211709,0.92150235,Milk
1995-04-01,SUGAR -GRANULATED-WHITE-PER KG,212101,0.68087965,Sugar
1995-05-01,BUTTER-HOME PRODUCED-250G,211301,0.7815263,Butter
1995-05-01,EGGS-MEDIUM-PER DOZ OR 2 X 6,211602,1.1858282,Eggs
1995-05-01,FLOUR-SELF-RAISING-1.5KG,210201,0.61459184,Flour
1995-05-01,SHOP MILK-WHOLE MILK-4PT/2LTR,211709,0.9224883,Milk
1995-05-01,SUGAR -GRANULATED-WHITE-PER KG,212101,0.70985913,Sugar
1995-06-01,BUTTER-HOME PRODUCED-250G,211301,0.7865672,Butter
1995-06-01,EGGS-MEDIUM-PER DOZ OR 2 X 6,211602,1.18,Eggs
1995-06-01,FLOUR-SELF-RAISING-1.5KG,210201,0.6084772,Flour
1995-06-01,SHOP MILK-WHOLE MILK-4PT/2LTR,211709,0.92316043,Milk
1995-06-01,SUGAR -GRANULATED-WHITE-PER KG,212101,0.7227103,Sugar
1995-07-01,BUTTER-HOME PRODUCED-250G,211301,0.8028358,Butter
1995-07-01,EGGS-MEDIUM-PER DOZ OR 2 X 6,211602,1.1359884,Eggs
1995-07-01,FLOUR-SELF-RAISING-1.5KG,210201,0.617,Flour
1995-07-01,SHOP MILK-WHOLE MILK-4PT/2LTR,211709,0.91934276,Milk
1995-07-01,SUGAR -GRANULATED-WHITE-PER KG,212101,0.7208257,Sugar
1995-08-01,BUTTER-HOME PRODUCED-250G,211301,0.80285,Butter
1995-08-01,EGGS-MEDIUM-PER DOZ OR 2 X 6,211602,1.1535754,Eggs
1995-08-01,FLOUR-SELF-RAISING-1.5KG,210201,0.61560607,Flour
1995-08-01,SHOP MILK-WHOLE MILK-4PT/2LTR,211709,0.91693395,Milk
1995-08-01,SUGAR -GRANULATED-WHITE-PER KG,212101,0.72064215,Sugar
1995-09-01,BUTTER-HOME PRODUCED-250G,211301,0.8161225,Butter
1995-09-01,EGGS-MEDIUM-PER DOZ OR 2 X 6,211602,1.1527741,Eggs
1995-09-01,FLOUR-SELF-RAISING-1.5KG,210201,0.61668396,Flour
1995-09-01,SHOP MILK-WHOLE MILK-4PT/2LTR,211709,0.90800947,Milk
1995-09-01,SUGAR -GRANULATED-WHITE-PER KG,212101,0.7189908,Sugar
1995-10-01,BUTTER-HOME PRODUCED-250G,211301,0.81865674,Butter
1995-10-01,EGGS-MEDIUM-PER DOZ OR 2 X 6,211602,1.1764935,Eggs
1995-10-01,FLOUR-SELF-RAISING-1.5KG,210201,0.6063184,Flour
1995-10-01,SHOP MILK-WHOLE MILK-4PT/2LTR,211709,0.90210426,Milk
1995-10-01,SUGAR -GRANULATED-WHITE-PER KG,212101,0.7229302,Sugar
1995-11-01,BUTTER-HOME PRODUCED-250G,211301,0.8273869,Butter
1995-11-01,EGGS-MEDIUM-PER DOZ OR 2 X 6,211602,1.1831214,Eggs
1995-11-01,FLOUR-SELF-RAISING-1.5KG,210201,0.60783917,Flour
1995-11-01,SHOP MILK-WHOLE MILK-4PT/2LTR,211709,0.89756685,Milk
1995-11-01,SUGAR -GRANULATED-WHITE-PER KG,212101,0.72504675,Sugar
1995-12-01,BUTTER-HOME PRODUCED-250G,211301,0.8248276,Butter
1995-12-01,EGGS-MEDIUM-PER DOZ OR 2 X 6,211602,1.2359749,Eggs
1995-12-01,FLOUR-SELF-RAISING-1.5KG,210201,0.61284316,Flour
1995-12-01,SHOP MILK-WHOLE MILK-4PT/2LTR,211709,0.9102617,Milk
1995-12-01,SUGAR -GRANULATED-WHITE-PER KG,212101,0.7240359,Sugar
1996-01-01,BUTTER-HOME PRODUCED-250G,211301,0.82575,Butter
1996-01-01,EGGS-MEDIUM-PER DOZ OR 2 X 6,211602,1.2151852,Eggs
1996-01-01,FLOUR-SELF-RAISING-1.5KG,210201,0.61049503,Flour
1996-01-01,SHOP MILK-WHOLE MILK-4PT/2LTR,211709,0.90870184,Milk
1996-01-01,SUGAR -GRANULATED-WHITE-PER KG,212101,0.7247511,Sugar
1996-02-01,BUTTER-HOME PRODUCED-250G,211301,0.8298942,Butter
1996-02-01,EGGS-MEDIUM-PER DOZ OR 2 X 6,211602,1.2315437,Eggs
1996-02-01,FLOUR-SELF-RAISING-1.5KG,210201,0.61459017,Flour
1996-02-01,SHOP MILK-WHOLE MILK-4PT/2LTR,211709,0.90676326,Milk
1996-02-01,SUGAR -GRANULATED-WHITE-PER KG,212101,0.73,Sugar
1996-03-01,BUTTER-HOME PRODUCED-250G,211301,0.8316754,Butter
1996-03-01,EGGS-MEDIUM-PER DOZ OR 2 X 6,211602,1.3032895,Eggs
1996-03-01,FLOUR-SELF-RAISING-1.5KG,210201,0.619893,Flour
1996-03-01,SHOP MILK-WHOLE MILK-4PT/2LTR,211709,0.9638679,Milk
1996-03-01,SUGAR -GRANULATED-WHITE-PER KG,212101,0.7413943,Sugar
1996-04-01,BUTTER-HOME PRODUCED-250G,211301,0.8344279,Butter
1996-04-01,EGGS-MEDIUM-PER DOZ OR 2 X 6,211602,1.3128188,Eggs
1996-04-01,FLOUR-SELF-RAISING-1.5KG,210201,0.6154497,Flour
1996-04-01,SHOP MILK-WHOLE MILK-4PT/2LTR,211709,0.95334905,Milk
1996-04-01,SUGAR -GRANULATED-WHITE-PER KG,212101,0.7592754,Sugar
1996-05-01,BUTTER-HOME PRODUCED-250G,211301,0.83590907,Butter
1996-05-01,EGGS-MEDIUM-PER DOZ OR 2 X 6,211602,1.3263842,Eggs
1996-05-01,FLOUR-SELF-RAISING-1.5KG,210201,0.610203,Flour
1996-05-01,SHOP MILK-WHOLE MILK-4PT/2LTR,211709,0.95107985,Milk
1996-05-01,SUGAR -GRANULATED-WHITE-PER KG,212101,0.7623502,Sugar
1996-06-01,BUTTER-HOME PRODUCED-250G,211301,0.832266,Butter
1996-06-01,EGGS-MEDIUM-PER DOZ OR 2 X 6,211602,1.3202976,Eggs
1996-06-01,FLOUR-SELF-RAISING-1.5KG,210201,0.62448454,Flour
1996-06-01,SHOP MILK-WHOLE MILK-4PT/2LTR,211709,0.9521182,Milk
1996-06-01,SUGAR -GRANULATED-WHITE-PER KG,212101,0.7617619,Sugar
1996-07-01,BUTTER-HOME PRODUCED-250G,211301,0.83771574,Butter
1996-07-01,EGGS-MEDIUM-PER DOZ OR 2 X 6,211602,1.3525968,Eggs
1996-07-01,FLOUR-SELF-RAISING-1.5KG,210201,0.6195361,Flour
1996-07-01,SHOP MILK-WHOLE MILK-4PT/2LTR,211709,0.96474415,Milk
1996-07-01,SUGAR -GRANULATED-WHITE-PER KG,212101,0.7652511,Sugar
1996-08-01,BUTTER-HOME PRODUCED-250G,211301,0.83070177,Butter
1996-08-01,EGGS-MEDIUM-PER DOZ OR 2 X 6,211602,1.3551875,Eggs
1996-08-01,FLOUR-SELF-RAISING-1.5KG,210201,0.6189634,Flour
1996-08-01,SHOP MILK-WHOLE MILK-4PT/2LTR,211709,0.94932956,Milk
1996-08-01,SUGAR -GRANULATED-WHITE-PER KG,212101,0.76849467,Sugar
1996-09-01,BUTTER-HOME PRODUCED-250G,211301,0.8330409,Butter
1996-09-01,EGGS-MEDIUM-PER DOZ OR 2 X 6,211602,1.340368,Eggs
1996-09-01,FLOUR-SELF-RAISING-1.5KG,210201,0.6143949,Flour
1996-09-01,SHOP MILK-WHOLE MILK-4PT/2LTR,211709,0.9459459,Milk
1996-09-01,SUGAR -GRANULATED-WHITE-PER KG,212101,0.76434785,Sugar
1996-10-01,BUTTER-HOME PRODUCED-250G,211301,0.8338953,Butter
1996-10-01,EGGS-MEDIUM-PER DOZ OR 2 X 6,211602,1.352303,Eggs
1996-10-01,FLOUR-SELF-RAISING-1.5KG,210201,0.6032075,Flour
1996-10-01,SHOP MILK-WHOLE MILK-4PT/2LTR,211709,0.943172,Milk
1996-10-01,SUGAR -GRANULATED-WHITE-PER KG,212101,0.76711226,Sugar
1996-11-01,BUTTER-HOME PRODUCED-250G,211301,0.8365698,Butter
1996-11-01,EGGS-MEDIUM-PER DOZ OR 2 X 6,211602,1.3770252,Eggs
1996-11-01,FLOUR-SELF-RAISING-1.5KG,210201,0.6084906,Flour
1996-11-01,SHOP MILK-WHOLE MILK-4PT/2LTR,211709,0.9430055,Milk
1996-11-01,SUGAR -GRANULATED-WHITE-PER KG,212101,0.7630688,Sugar
1996-12-01,BUTTER-HOME PRODUCED-250G,211301,0.8341954,Butter
1996-12-01,EGGS-MEDIUM-PER DOZ OR 2 X 6,211602,1.3803636,Eggs
1996-12-01,FLOUR-SELF-RAISING-1.5KG,210201,0.61684847,Flour
1996-12-01,SHOP MILK-WHOLE MILK-4PT/2LTR,211709,0.94171125,Milk
1996-12-01,SUGAR -GRANULATED-WHITE-PER KG,212101,0.7602128,Sugar
1997-01-01,BUTTER-HOME PRODUCED-250G,211301,0.8456141,Butter
1997-01-01,EGGS-MEDIUM-PER DOZ OR 2 X 6,211602,1.3706976,Eggs
1997-01-01,FLOUR-SELF-RAISING-1.5KG,210201,0.6269512,Flour
1997-01-01,SHOP MILK-WHOLE MILK-4PT/2LTR,211709,0.93748635,Milk
1997-01-01,SUGAR -GRANULATED-WHITE-PER KG,212101,0.7609896,Sugar
1997-02-01,BUTTER-HOME PRODUCED-250G,211301,0.84754485,Butter
1997-02-01,EGGS-MEDIUM-PER DOZ OR 2 X 6,211602,1.3666875,Eggs
1997-02-01,FLOUR-SELF-RAISING-1.5KG,210201,0.6268023,Flour
1997-02-01,SHOP MILK-WHOLE MILK-4PT/2LTR,211709,0.94255555,Milk
1997-02-01,SUGAR -GRANULATED-WHITE-PER KG,212101,0.7578571,Sugar
1997-03-01,BUTTER-HOME PRODUCED-250G,211301,0.8427976,Butter
1997-03-01,EGGS-MEDIUM-PER DOZ OR 2 X 6,211602,1.3690588,Eggs
1997-03-01,FLOUR-SELF-RAISING-1.5KG,210201,0.6300568,Flour
1997-03-01,SHOP MILK-WHOLE MILK-4PT/2LTR,211709,0.9083957,Milk
1997-03-01,SUGAR -GRANULATED-WHITE-PER KG,212101,0.75451285,Sugar
1997-04-01,BUTTER-HOME PRODUCED-250G,211301,0.8476331,Butter
1997-04-01,EGGS-MEDIUM-PER DOZ OR 2 X 6,211602,1.3714535,Eggs
1997-04-01,FLOUR-SELF-RAISING-1.5KG,210201,0.62934524,Flour
1997-04-01,SHOP MILK-WHOLE MILK-4PT/2LTR,211709,0.8949451,Milk
1997-04-01,SUGAR -GRANULATED-WHITE-PER KG,212101,0.7552941,Sugar
1997-05-01,BUTTER-HOME PRODUCED-250G,211301,0.8398844,Butter
1997-05-01,EGGS-MEDIUM-PER DOZ OR 2 X 6,211602,1.3453293,Eggs
1997-05-01,FLOUR-SELF-RAISING-1.5KG,210201,0.625407,Flour
1997-05-01,SHOP MILK-WHOLE MILK-4PT/2LTR,211709,0.89337015,Milk
1997-05-01,SUGAR -GRANULATED-WHITE-PER KG,212101,0.7549206,Sugar
1997-06-01,BUTTER-HOME PRODUCED-250G,211301,0.8446108,Butter
1997-06-01,EGGS-MEDIUM-PER DOZ OR 2 X 6,211602,1.3420118,Eggs
1997-06-01,FLOUR-SELF-RAISING-1.5KG,210201,0.62263477,Flour
1997-06-01,SHOP MILK-WHOLE MILK-4PT/2LTR,211709,0.9038503,Milk
1997-06-01,SUGAR -GRANULATED-WHITE-PER KG,212101,0.7548936,Sugar
1997-07-01,BUTTER-HOME PRODUCED-250G,211301,0.8435465,Butter
1997-07-01,EGGS-MEDIUM-PER DOZ OR 2 X 6,211602,1.3282942,Eggs
1997-07-01,FLOUR-SELF-RAISING-1.5KG,210201,0.6272832,Flour
1997-07-01,SHOP MILK-WHOLE MILK-4PT/2LTR,211709,0.8982514,Milk
1997-07-01,SUGAR -GRANULATED-WHITE-PER KG,212101,0.7518716,Sugar
1997-08-01,BUTTER-HOME PRODUCED-250G,211301,0.8470349,Butter
1997-08-01,EGGS-MEDIUM-PER DOZ OR 2 X 6,211602,1.311921,Eggs
1997-08-01,FLOUR-SELF-RAISING-1.5KG,210201,0.62178165,Flour
1997-08-01,SHOP MILK-WHOLE MILK-4PT/2LTR,211709,0.8962434,Milk
1997-08-01,SUGAR -GRANULATED-WHITE-PER KG,212101,0.7546354,Sugar
1997-09-01,BUTTER-HOME PRODUCED-250G,211301,0.84053254,Butter
1997-09-01,EGGS-MEDIUM-PER DOZ OR 2 X 6,211602,1.3290961,Eggs
1997-09-01,FLOUR-SELF-RAISING-1.5KG,210201,0.6150289,Flour
1997-09-01,SHOP MILK-WHOLE MILK-4PT/2LTR,211709,0.8964706,Milk
1997-09-01,SUGAR -GRANULATED-WHITE-PER KG,212101,0.7469792,Sugar
1997-10-01,BUTTER-HOME PRODUCED-250G,211301,0.8490697,Butter
1997-10-01,EGGS-MEDIUM-PER DOZ OR 2 X 6,211602,1.3206897,Eggs
1997-10-01,FLOUR-SELF-RAISING-1.5KG,210201,0.61656976,Flour
1997-10-01,SHOP MILK-WHOLE MILK-4PT/2LTR,211709,0.89492065,Milk
1997-10-01,SUGAR -GRANULATED-WHITE-PER KG,212101,0.74608463,Sugar
1997-11-01,BUTTER-HOME PRODUCED-250G,211301,0.840407,Butter
1997-11-01,EGGS-MEDIUM-PER DOZ OR 2 X 6,211602,1.2802285,Eggs
1997-11-01,FLOUR-SELF-RAISING-1.5KG,210201,0.61777145,Flour
1997-11-01,SHOP MILK-WHOLE MILK-4PT/2LTR,211709,0.8968254,Milk
1997-11-01,SUGAR -GRANULATED-WHITE-PER KG,212101,0.74530923,Sugar
1997-12-01,BUTTER-HOME PRODUCED-250G,211301,0.8404117,Butter
1997-12-01,EGGS-MEDIUM-PER DOZ OR 2 X 6,211602,1.3615909,Eggs
1997-12-01,FLOUR-SELF-RAISING-1.5KG,210201,0.61913794,Flour
1997-12-01,SHOP MILK-WHOLE MILK-4PT/2LTR,211709,0.8980645,Milk
1997-12-01,SUGAR -GRANULATED-WHITE-PER KG,212101,0.7213021,Sugar
1998-01-01,BUTTER-HOME PRODUCED-250G,211301,0.8421264,Butter
1998-01-01,EGGS-MEDIUM-PER DOZ OR 2 X 6,211602,1.4084024,Eggs
1998-01-01,FLOUR-SELF-RAISING-1.5KG,210201,0.6217919,Flour
1998-01-01,SHOP MILK-WHOLE MILK-4PT/2LTR,211709,0.8985562,Milk
1998-01-01,SUGAR -GRANULATED-WHITE-PER KG,212101,0.714579,Sugar
1998-02-01,BUTTER-HOME PRODUCED-250G,211301,0.8525874,Butter
1998-02-01,EGGS-MEDIUM-PER DOZ OR 2 X 6,211602,1.3084558,Eggs
1998-02-01,FLOUR-SELF-RAISING-1.5KG,210201,0.6068085,Flour
1998-02-01,SHOP MILK-WHOLE MILK-4PT/2LTR,211709,0.8948052,Milk
1998-02-01,SUGAR -GRANULATED-WHITE-PER KG,212101,0.7066013,Sugar
1998-03-01,BUTTER-HOME PRODUCED-250G,211301,0.8655862,Butter
1998-03-01,EGGS-MEDIUM-PER DOZ OR 2 X 6,211602,1.3662759,Eggs
1998-03-01,FLOUR-SELF-RAISING-1.5KG,210201,0.61050004,Flour
1998-03-01,SHOP MILK-WHOLE MILK-4PT/2LTR,211709,0.90019226,Milk
1998-03-01,SUGAR -GRANULATED-WHITE-PER KG,212101,0.6954,Sugar
1998-04-01,BUTTER-HOME PRODUCED-250G,211301,0.8618543,Butter
1998-04-01,EGGS-MEDIUM-PER DOZ OR 2 X 6,211602,1.300136,Eggs
1998-04-01,FLOUR-SELF-RAISING-1.5KG,210201,0.6189511,Flour
1998-04-01,SHOP MILK-WHOLE MILK-4PT/2LTR,211709,0.8955414,Milk
1998-04-01,SUGAR -GRANULATED-WHITE-PER KG,212101,0.6926875,Sugar
1998-05-01,BUTTER-HOME PRODUCED-250G,211301,0.85406667,Butter
1998-05-01,EGGS-MEDIUM-PER DOZ OR 2 X 6,211602,1.2962162,Eggs
1998-05-01,FLOUR-SELF-RAISING-1.5KG,210201,0.6217361,Flour
1998-05-01,SHOP MILK-WHOLE MILK-4PT/2LTR,211709,0.90651894,Milk
1998-05-01,SUGAR -GRANULATED-WHITE-PER KG,212101,0.69,Sugar
1998-06-01,BUTTER-HOME PRODUCED-250G,211301,0.8636424,Butter
1998-06-01,EGGS-MEDIUM-PER DOZ OR 2 X 6,211602,1.3200662,Eggs
1998-06-01,FLOUR-SELF-RAISING-1.5KG,210201,0.61914897,Flour
1998-06-01,SHOP MILK-WHOLE MILK-4PT/2LTR,211709,0.90310127,Milk
1998-06-01,SUGAR -GRANULATED-WHITE-PER KG,212101,0.6888125,Sugar
1998-07-01,BUTTER-HOME PRODUCED-250G,211301,0.8628986,Butter
1998-07-01,EGGS-MEDIUM-PER DOZ OR 2 X 6,211602,1.2775373,Eggs
1998-07-01,FLOUR-SELF-RAISING-1.5KG,210201,0.6138461,Flour
1998-07-01,SHOP MILK-WHOLE MILK-4PT/2LTR,211709,0.90573245,Milk
1998-07-01,SUGAR -GRANULATED-WHITE-PER KG,212101,0.6854088,Sugar
1998-08-01,BUTTER-HOME PRODUCED-250G,211301,0.8775188,Butter
1998-08-01,EGGS-MEDIUM-PER DOZ OR 2 X 6,211602,1.3521769,Eggs
1998-08-01,FLOUR-SELF-RAISING-1.5KG,210201,0.6339007,Flour
1998-08-01,SHOP MILK-WHOLE MILK-4PT/2LTR,211709,0.90522873,Milk
1998-08-01,SUGAR -GRANULATED-WHITE-PER KG,212101,0.682625,Sugar
1998-09-01,BUTTER-HOME PRODUCED-250G,211301,0.87576646,Butter
1998-09-01,EGGS-MEDIUM-PER DOZ OR 2 X 6,211602,1.3515131,Eggs
1998-09-01,FLOUR-SELF-RAISING-1.5KG,210201,0.6364493,Flour
1998-09-01,SHOP MILK-WHOLE MILK-4PT/2LTR,211709,0.90464514,Milk
1998-09-01,SUGAR -GRANULATED-WHITE-PER KG,212101,0.6863125,Sugar
1998-10-01,BUTTER-HOME PRODUCED-250G,211301,0.8804286,Butter
1998-10-01,EGGS-MEDIUM-PER DOZ OR 2 X 6,211602,1.2840909,Eggs
1998-10-01,FLOUR-SELF-RAISING-1.5KG,210201,0.6090141,Flour
1998-10-01,SHOP MILK-WHOLE MILK-4PT/2LTR,211709,0.9075159,Milk
1998-10-01,SUGAR -GRANULATED-WHITE-PER KG,212101,0.68716985,Sugar
1998-11-01,BUTTER-HOME PRODUCED-250G,211301,0.8420714,Butter
1998-11-01,EGGS-MEDIUM-PER DOZ OR 2 X 6,211602,1.3791034,Eggs
1998-11-01,FLOUR-SELF-RAISING-1.5KG,210201,0.6202143,Flour
1998-11-01,SHOP MILK-WHOLE MILK-4PT/2LTR,211709,0.91134614,Milk
1998-11-01,SUGAR -GRANULATED-WHITE-PER KG,212101,0.68277776,Sugar
1998-12-01,BUTTER-HOME PRODUCED-250G,211301,0.8361644,Butter
1998-12-01,EGGS-MEDIUM-PER DOZ OR 2 X 6,211602,1.4018841,Eggs
1998-12-01,FLOUR-SELF-RAISING-1.5KG,210201,0.6199351,Flour
1998-12-01,SHOP MILK-WHOLE MILK-4PT/2LTR,211709,0.9159236,Milk
1998-12-01,SUGAR -GRANULATED-WHITE-PER KG,212101,0.6467516,Sugar
1999-01-01,BUTTER-HOME PRODUCED-250G,211301,0.8754839,Butter
1999-01-01,EGGS-MEDIUM-PER DOZ OR 2 X 6,211602,1.3334343,Eggs
1999-01-01,FLOUR-SELF-RAISING-1.5KG,210201,0.62,Flour
1999-01-01,SHOP MILK-WHOLE MILK-4PT/2LTR,211709,0.9159848,Milk
1999-01-01,SUGAR -GRANULATED-WHITE-PER KG,212101,0.64000005,Sugar
1999-02-01,BUTTER-HOME PRODUCED-250G,211301,0.87322146,Butter
1999-02-01,EGGS-MEDIUM-PER DOZ OR 2 X 6,211602,1.3669853,Eggs
1999-02-01,FLOUR-SELF-RAISING-1.5KG,210201,0.6019178,Flour
1999-02-01,SHOP MILK-WHOLE MILK-4PT/2LTR,211709,0.9241667,Milk
1999-02-01,SUGAR -GRANULATED-WHITE-PER KG,212101,0.64603776,Sugar
1999-03-01,BUTTER-HOME PRODUCED-250G,211301,0.8665986,Butter
1999-03-01,EGGS-MEDIUM-PER DOZ OR 2 X 6,211602,1.3664234,Eggs
1999-03-01,FLOUR-SELF-RAISING-1.5KG,210201,0.62550336,Flour
1999-03-01,SHOP MILK-WHOLE MILK-4PT/2LTR,211709,0.9230769,Milk
1999-03-01,SUGAR -GRANULATED-WHITE-PER KG,212101,0.64402515,Sugar
1999-04-01,BUTTER-HOME PRODUCED-250G,211301,0.86006534,Butter
1999-04-01,EGGS-MEDIUM-PER DOZ OR 2 X 6,211602,1.3615,Eggs
1999-04-01,FLOUR-SELF-RAISING-1.5KG,210201,0.62285715,Flour
1999-04-01,SHOP MILK-WHOLE MILK-4PT/2LTR,211709,0.9240384,Milk
1999-04-01,SUGAR -GRANULATED-WHITE-PER KG,212101,0.63584906,Sugar
1999-05-01,BUTTER-HOME PRODUCED-250G,211301,0.86040264,Butter
1999-05-01,EGGS-MEDIUM-PER DOZ OR 2 X 6,211602,1.3470212,Eggs
1999-05-01,FLOUR-SELF-RAISING-1.5KG,210201,0.6190196,Flour
1999-05-01,SHOP MILK-WHOLE MILK-4PT/2LTR,211709,0.9259235,Milk
1999-05-01,SUGAR -GRANULATED-WHITE-PER KG,212101,0.6337888,Sugar
1999-06-01,BUTTER-HOME PRODUCED-250G,211301,0.85918915,Butter
1999-06-01,EGGS-MEDIUM-PER DOZ OR 2 X 6,211602,1.3598592,Eggs
1999-06-01,FLOUR-SELF-RAISING-1.5KG,210201,0.63019353,Flour
1999-06-01,SHOP MILK-WHOLE MILK-4PT/2LTR,211709,0.9258228,Milk
1999-06-01,SUGAR -GRANULATED-WHITE-PER KG,212101,0.63364196,Sugar
1999-07-01,BUTTER-HOME PRODUCED-250G,211301,0.84357667,Butter
1999-07-01,EGGS-MEDIUM-PER DOZ OR 2 X 6,211602,1.3835915,Eggs
1999-07-01,FLOUR-SELF-RAISING-1.5KG,210201,0.6246053,Flour
1999-07-01,SHOP MILK-WHOLE MILK-4PT/2LTR,211709,0.92541397,Milk
1999-07-01,SUGAR -GRANULATED-WHITE-PER KG,212101,0.6219497,Sugar
1999-08-01,BUTTER-HOME PRODUCED-250G,211301,0.8354305,Butter
1999-08-01,EGGS-MEDIUM-PER DOZ OR 2 X 6,211602,1.3947445,Eggs
1999-08-01,FLOUR-SELF-RAISING-1.5KG,210201,0.61795914,Flour
1999-08-01,SHOP MILK-WHOLE MILK-4PT/2LTR,211709,0.8989873,Milk
1999-08-01,SUGAR -GRANULATED-WHITE-PER KG,212101,0.60885346,Sugar
1999-09-01,BUTTER-HOME PRODUCED-250G,211301,0.84125,Butter
1999-09-01,EGGS-MEDIUM-PER DOZ OR 2 X 6,211602,1.401037,Eggs
1999-09-01,FLOUR-SELF-RAISING-1.5KG,210201,0.6268919,Flour
1999-09-01,SHOP MILK-WHOLE MILK-4PT/2LTR,211709,0.8831169,Milk
1999-09-01,SUGAR -GRANULATED-WHITE-PER KG,212101,0.5878205,Sugar
1999-10-01,BUTTER-HOME PRODUCED-250G,211301,0.83758163,Butter
1999-10-01,EGGS-MEDIUM-PER DOZ OR 2 X 6,211602,1.3742658,Eggs
1999-10-01,FLOUR-SELF-RAISING-1.5KG,210201,0.599932,Flour
1999-10-01,SHOP MILK-WHOLE MILK-4PT/2LTR,211709,0.8801282,Milk
1999-10-01,SUGAR -GRANULATED-WHITE-PER KG,212101,0.58968943,Sugar
1999-11-01,BUTTER-HOME PRODUCED-250G,211301,0.8317647,Butter
1999-11-01,EGGS-MEDIUM-PER DOZ OR 2 X 6,211602,1.301496,Eggs
1999-11-01,FLOUR-SELF-RAISING-1.5KG,210201,0.61236113,Flour
1999-11-01,SHOP MILK-WHOLE MILK-4PT/2LTR,211709,0.8776923,Milk
1999-11-01,SUGAR -GRANULATED-WHITE-PER KG,212101,0.5899367,Sugar
1999-12-01,BUTTER-HOME PRODUCED-250G,211301,0.8339456,Butter
1999-12-01,EGGS-MEDIUM-PER DOZ OR 2 X 6,211602,1.3354918,Eggs
1999-12-01,FLOUR-SELF-RAISING-1.5KG,210201,0.5890196,Flour
1999-12-01,SHOP MILK-WHOLE MILK-4PT/2LTR,211709,0.8782581,Milk
1999-12-01,SUGAR -GRANULATED-WHITE-PER KG,212101,0.58509314,Sugar
2000-01-01,BUTTER-HOME PRODUCED-250G,211301,0.85387754,Butter
2000-01-01,EGGS-MEDIUM-PER DOZ OR 2 X 6,211602,1.3523141,Eggs
2000-01-01,FLOUR-SELF-RAISING-1.5KG,210201,0.616383,Flour
2000-01-01,SHOP MILK-WHOLE MILK-4PT/2LTR,211709,0.88435894,Milk
2000-01-01,SUGAR -GRANULATED-WHITE-PER KG,212101,0.58968556,Sugar
2000-02-01,BUTTER-HOME PRODUCED-250G,211301,0.8451064,Butter
2000-02-01,EGGS-MEDIUM-PER DOZ OR 2 X 6,211602,1.450098,Eggs
2000-02-01,FLOUR-SELF-RAISING-1.5KG,210201,0.61523074,Flour
2000-02-01,SHOP MILK-WHOLE MILK-4PT/2LTR,211709,0.8899351,Milk
2000-02-01,SUGAR -GRANULATED-WHITE-PER KG,212101,0.57870126,Sugar
2000-03-01,BUTTER-HOME PRODUCED-250G,211301,0.8343919,Butter
2000-03-01,EGGS-MEDIUM-PER DOZ OR 2 X 6,211602,1.42125,Eggs
2000-03-01,FLOUR-SELF-RAISING-1.5KG,210201,0.6508163,Flour
2000-03-01,SHOP MILK-WHOLE MILK-4PT/2LTR,211709,0.8869079,Milk
2000-03-01,SUGAR -GRANULATED-WHITE-PER KG,212101,0.5789032,Sugar
2000-04-01,BUTTER-HOME PRODUCED-250G,211301,0.8151748,Butter
2000-04-01,EGGS-MEDIUM-PER DOZ OR 2 X 6,211602,1.4401819,Eggs
2000-04-01,FLOUR-SELF-RAISING-1.5KG,210201,0.6497222,Flour
2000-04-01,SHOP MILK-WHOLE MILK-4PT/2LTR,211709,0.8850993,Milk
2000-04-01,SUGAR -GRANULATED-WHITE-PER KG,212101,0.5687013,Sugar
2000-05-01,BUTTER-HOME PRODUCED-250G,211301,0.8170548,Butter
2000-05-01,EGGS-MEDIUM-PER DOZ OR 2 X 6,211602,1.4423966,Eggs
2000-05-01,FLOUR-SELF-RAISING-1.5KG,210201,0.64,Flour
2000-05-01,SHOP MILK-WHOLE MILK-4PT/2LTR,211709,0.88542485,Milk
2000-05-01,SUGAR -GRANULATED-WHITE-PER KG,212101,0.56738853,Sugar
2000-06-01,BUTTER-HOME PRODUCED-250G,211301,0.8148227,Butter
2000-06-01,EGGS-MEDIUM-PER DOZ OR 2 X 6,211602,1.4274789,Eggs
2000-06-01,FLOUR-SELF-RAISING-1.5KG,210201,0.65862316,Flour
2000-06-01,SHOP MILK-WHOLE MILK-4PT/2LTR,211709,0.8813245,Milk
2000-06-01,SUGAR -GRANULATED-WHITE-PER KG,212101,0.5592949,Sugar
2000-07-01,BUTTER-HOME PRODUCED-250G,211301,0.81166667,Butter
2000-07-01,EGGS-MEDIUM-PER DOZ OR 2 X 6,211602,1.4031667,Eggs
2000-07-01,FLOUR-SELF-RAISING-1.5KG,210201,0.64697844,Flour
2000-07-01,SHOP MILK-WHOLE MILK-4PT/2LTR,211709,0.8839735,Milk
2000-07-01,SUGAR -GRANULATED-WHITE-PER KG,212101,0.5592258,Sugar
2000-08-01,BUTTER-HOME PRODUCED-250G,211301,0.81542486,Butter
2000-08-01,EGGS-MEDIUM-PER DOZ OR 2 X 6,211602,1.5537143,Eggs
2000-08-01,FLOUR-SELF-RAISING-1.5KG,210201,0.6427211,Flour
2000-08-01,SHOP MILK-WHOLE MILK-4PT/2LTR,211709,0.8736842,Milk
2000-08-01,SUGAR -GRANULATED-WHITE-PER KG,212101,0.5442038,Sugar
2000-09-01,BUTTER-HOME PRODUCED-250G,211301,0.8115033,Butter
2000-09-01,EGGS-MEDIUM-PER DOZ OR 2 X 6,211602,1.5909774,Eggs
2000-09-01,FLOUR-SELF-RAISING-1.5KG,210201,0.6506383,Flour
2000-09-01,SHOP MILK-WHOLE MILK-4PT/2LTR,211709,0.8759459,Milk
2000-09-01,SUGAR -GRANULATED-WHITE-PER KG,212101,0.55108976,Sugar
2000-10-01,BUTTER-HOME PRODUCED-250G,211301,0.8225676,Butter
2000-10-01,EGGS-MEDIUM-PER DOZ OR 2 X 6,211602,1.6050371,Eggs
2000-10-01,FLOUR-SELF-RAISING-1.5KG,210201,0.625,Flour
2000-10-01,SHOP MILK-WHOLE MILK-4PT/2LTR,211709,0.8856954,Milk
2000-10-01,SUGAR -GRANULATED-WHITE-PER KG,212101,0.5485161,Sugar
2000-11-01,BUTTER-HOME PRODUCED-250G,211301,0.83075345,Butter
2000-11-01,EGGS-MEDIUM-PER DOZ OR 2 X 6,211602,1.6172727,Eggs
2000-11-01,FLOUR-SELF-RAISING-1.5KG,210201,0.6440845,Flour
2000-11-01,SHOP MILK-WHOLE MILK-4PT/2LTR,211709,0.8780537,Milk
2000-11-01,SUGAR -GRANULATED-WHITE-PER KG,212101,0.5425974,Sugar
2000-12-01,BUTTER-HOME PRODUCED-250G,211301,0.8164789,Butter
2000-12-01,EGGS-MEDIUM-PER DOZ OR 2 X 6,211602,1.5963503,Eggs
2000-12-01,FLOUR-SELF-RAISING-1.5KG,210201,0.6394964,Flour
2000-12-01,SHOP MILK-WHOLE MILK-4PT/2LTR,211709,0.8917567,Milk
2000-12-01,SUGAR -GRANULATED-WHITE-PER KG,212101,0.54878205,Sugar
2001-01-01,BUTTER-HOME PRODUCED-250G,211301,0.8175333,Butter
2001-01-01,EGGS-MEDIUM-PER DOZ OR 2 X 6,211602,1.5926051,Eggs
2001-01-01,FLOUR-SELF-RAISING-1.5KG,210201,0.6473239,Flour
2001-01-01,SHOP MILK-WHOLE MILK-4PT/2LTR,211709,0.89264894,Milk
2001-01-01,SUGAR -GRANULATED-WHITE-PER KG,212101,0.5498013,Sugar
2001-02-01,BUTTER-HOME PRODUCED-250G,211301,0.81787676,Butter
2001-02-01,EGGS-MEDIUM-PER DOZ OR 2 X 6,211602,1.6548039,Eggs
2001-02-01,FLOUR-SELF-RAISING-1.5KG,210201,0.6182069,Flour
2001-02-01,SHOP MILK-WHOLE MILK-4PT/2LTR,211709,0.9330769,Milk
2001-02-01,SUGAR -GRANULATED-WHITE-PER KG,212101,0.5849019,Sugar
2001-03-01,BUTTER-HOME PRODUCED-250G,211301,0.81232876,Butter
2001-03-01,EGGS-MEDIUM-PER DOZ OR 2 X 6,211602,1.613622,Eggs
2001-03-01,FLOUR-SELF-RAISING-1.5KG,210201,0.6418621,Flour
2001-03-01,SHOP MILK-WHOLE MILK-4PT/2LTR,211709,0.934586,Milk
2001-03-01,SUGAR -GRANULATED-WHITE-PER KG,212101,0.5901274,Sugar
2001-04-01,BUTTER-HOME PRODUCED-250G,211301,0.80641377,Butter
2001-04-01,EGGS-MEDIUM-PER DOZ OR 2 X 6,211602,1.5817323,Eggs
2001-04-01,FLOUR-SELF-RAISING-1.5KG,210201,0.6125,Flour
2001-04-01,SHOP MILK-WHOLE MILK-4PT/2LTR,211709,0.9592857,Milk
2001-04-01,SUGAR -GRANULATED-WHITE-PER KG,212101,0.58576924,Sugar
2001-05-01,BUTTER-HOME PRODUCED-250G,211301,0.7983117,Butter
2001-05-01,EGGS-MEDIUM-PER DOZ OR 2 X 6,211602,1.5979844,Eggs
2001-05-01,FLOUR-SELF-RAISING-1.5KG,210201,0.65708333,Flour
2001-05-01,SHOP MILK-WHOLE MILK-4PT/2LTR,211709,0.9758709,Milk
2001-05-01,SUGAR -GRANULATED-WHITE-PER KG,212101,0.5915432,Sugar
2001-06-01,BUTTER-HOME PRODUCED-250G,211301,0.80125827,Butter
2001-06-01,EGGS-MEDIUM-PER DOZ OR 2 X 6,211602,1.5616153,Eggs
2001-06-01,FLOUR-SELF-RAISING-1.5KG,210201,0.65344596,Flour
2001-06-01,SHOP MILK-WHOLE MILK-4PT/2LTR,211709,0.9796815,Milk
2001-06-01,SUGAR -GRANULATED-WHITE-PER KG,212101,0.58875,Sugar
2001-07-01,BUTTER-HOME PRODUCED-250G,211301,0.8043919,Butter
2001-07-01,EGGS-MEDIUM-PER DOZ OR 2 X 6,211602,1.6011764,Eggs
2001-07-01,FLOUR-SELF-RAISING-1.5KG,210201,0.6483448,Flour
2001-07-01,SHOP MILK-WHOLE MILK-4PT/2LTR,211709,0.98159236,Milk
2001-07-01,SUGAR -GRANULATED-WHITE-PER KG,212101,0.584625,Sugar
2001-08-01,BUTTER-HOME PRODUCED-250G,211301,0.8008725,Butter
2001-08-01,EGGS-MEDIUM-PER DOZ OR 2 X 6,211602,1.5847481,Eggs
2001-08-01,FLOUR-SELF-RAISING-1.5KG,210201,0.6502759,Flour
2001-08-01,SHOP MILK-WHOLE MILK-4PT/2LTR,211709,0.9841667,Milk
2001-08-01,SUGAR -GRANULATED-WHITE-PER KG,212101,0.5925466,Sugar
2001-09-01,BUTTER-HOME PRODUCED-250G,211301,0.78510493,Butter
2001-09-01,EGGS-MEDIUM-PER DOZ OR 2 X 6,211602,1.6102113,Eggs
2001-09-01,FLOUR-SELF-RAISING-1.5KG,210201,0.6142647,Flour
2001-09-01,SHOP MILK-WHOLE MILK-4PT/2LTR,211709,0.9838065,Milk
2001-09-01,SUGAR -GRANULATED-WHITE-PER KG,212101,0.6055034,Sugar
2001-10-01,BUTTER-HOME PRODUCED-250G,211301,0.78933334,Butter
2001-10-01,EGGS-MEDIUM-PER DOZ OR 2 X 6,211602,1.5969065,Eggs
2001-10-01,FLOUR-SELF-RAISING-1.5KG,210201,0.6011765,Flour
2001-10-01,SHOP MILK-WHOLE MILK-4PT/2LTR,211709,0.9792903,Milk
2001-10-01,SUGAR -GRANULATED-WHITE-PER KG,212101,0.5975625,Sugar
2001-11-01,BUTTER-HOME PRODUCED-250G,211301,0.796875,Butter
2001-11-01,EGGS-MEDIUM-PER DOZ OR 2 X 6,211602,1.5984286,Eggs
2001-11-01,FLOUR-SELF-RAISING-1.5KG,210201,0.6002837,Flour
2001-11-01,SHOP MILK-WHOLE MILK-4PT/2LTR,211709,0.9837107,Milk
2001-11-01,SUGAR -GRANULATED-WHITE-PER KG,212101,0.6010429,Sugar
2001-12-01,BUTTER-HOME PRODUCED-250G,211301,0.7846309,Butter
2001-12-01,EGGS-MEDIUM-PER DOZ OR 2 X 6,211602,1.6262412,Eggs
2001-12-01,FLOUR-SELF-RAISING-1.5KG,210201,0.6220438,Flour
2001-12-01,SHOP MILK-WHOLE MILK-4PT/2LTR,211709,0.98398733,Milk
2001-12-01,SUGAR -GRANULATED-WHITE-PER KG,212101,0.60030866,Sugar
2002-01-01,BUTTER-HOME PRODUCED-250G,211301,0.79268456,Butter
2002-01-01,EGGS-MEDIUM-PER DOZ OR 2 X 6,211602,1.6134558,Eggs
2002-01-01,FLOUR-SELF-RAISING-1.5KG,210201,0.64131385,Flour
2002-01-01,SHOP MILK-WHOLE MILK-4PT/2LTR,211709,0.9861438,Milk
2002-01-01,SUGAR -GRANULATED-WHITE-PER KG,212101,0.6128302,Sugar
2002-02-01,BUTTER-HOME PRODUCED-250G,211301,0.78695035,Butter
2002-02-01,EGGS-MEDIUM-PER DOZ OR 2 X 6,211602,1.6524779,Eggs
2002-02-01,FLOUR-SELF-RAISING-1.5KG,210201,0.66139346,Flour
2002-02-01,SHOP MILK-WHOLE MILK-4PT/2LTR,211709,0.9988356,Milk
2002-02-01,SUGAR -GRANULATED-WHITE-PER KG,212101,0.6326845,Sugar
2002-03-01,BUTTER-HOME PRODUCED-250G,211301,0.78235716,Butter
2002-03-01,EGGS-MEDIUM-PER DOZ OR 2 X 6,211602,1.60144,Eggs
2002-03-01,FLOUR-SELF-RAISING-1.5KG,210201,0.65790325,Flour
2002-03-01,SHOP MILK-WHOLE MILK-4PT/2LTR,211709,0.99510205,Milk
2002-03-01,SUGAR -GRANULATED-WHITE-PER KG,212101,0.6444966,Sugar
2002-04-01,BUTTER-HOME PRODUCED-250G,211301,0.78944826,Butter
2002-04-01,EGGS-MEDIUM-PER DOZ OR 2 X 6,211602,1.5638168,Eggs
2002-04-01,FLOUR-SELF-RAISING-1.5KG,210201,0.6380153,Flour
2002-04-01,SHOP MILK-WHOLE MILK-4PT/2LTR,211709,0.99588233,Milk
2002-04-01,SUGAR -GRANULATED-WHITE-PER KG,212101,0.6356209,Sugar
2002-05-01,BUTTER-HOME PRODUCED-250G,211301,0.7889209,Butter
2002-05-01,EGGS-MEDIUM-PER DOZ OR 2 X 6,211602,1.561168,Eggs
2002-05-01,FLOUR-SELF-RAISING-1.5KG,210201,0.6438931,Flour
2002-05-01,SHOP MILK-WHOLE MILK-4PT/2LTR,211709,0.9980922,Milk
2002-05-01,SUGAR -GRANULATED-WHITE-PER KG,212101,0.6443448,Sugar
2002-06-01,BUTTER-HOME PRODUCED-250G,211301,0.78223026,Butter
2002-06-01,EGGS-MEDIUM-PER DOZ OR 2 X 6,211602,1.582061,Eggs
2002-06-01,FLOUR-SELF-RAISING-1.5KG,210201,0.6403846,Flour
2002-06-01,SHOP MILK-WHOLE MILK-4PT/2LTR,211709,0.9994805,Milk
2002-06-01,SUGAR -GRANULATED-WHITE-PER KG,212101,0.6428387,Sugar
2002-07-01,BUTTER-HOME PRODUCED-250G,211301,0.78167886,Butter
2002-07-01,EGGS-MEDIUM-PER DOZ OR 2 X 6,211602,1.5592593,Eggs
2002-07-01,FLOUR-SELF-RAISING-1.5KG,210201,0.6373643,Flour
2002-07-01,SHOP MILK-WHOLE MILK-4PT/2LTR,211709,1.0014193,Milk
2002-07-01,SUGAR -GRANULATED-WHITE-PER KG,212101,0.6440385,Sugar
2002-08-01,BUTTER-HOME PRODUCED-250G,211301,0.78249997,Butter
2002-08-01,EGGS-MEDIUM-PER DOZ OR 2 X 6,211602,1.5284328,Eggs
2002-08-01,FLOUR-SELF-RAISING-1.5KG,210201,0.63372093,Flour
2002-08-01,SHOP MILK-WHOLE MILK-4PT/2LTR,211709,0.99812907,Milk
2002-08-01,SUGAR -GRANULATED-WHITE-PER KG,212101,0.64666665,Sugar
2002-09-01,BUTTER-HOME PRODUCED-250G,211301,0.77601504,Butter
2002-09-01,EGGS-MEDIUM-PER DOZ OR 2 X 6,211602,1.5516936,Eggs
2002-09-01,FLOUR-SELF-RAISING-1.5KG,210201,0.6359504,Flour
2002-09-01,SHOP MILK-WHOLE MILK-4PT/2LTR,211709,1.0132027,Milk
2002-09-01,SUGAR -GRANULATED-WHITE-PER KG,212101,0.64490193,Sugar
2002-10-01,BUTTER-HOME PRODUCED-250G,211301,0.78398496,Butter
2002-10-01,EGGS-MEDIUM-PER DOZ OR 2 X 6,211602,1.5511811,Eggs
2002-10-01,FLOUR-SELF-RAISING-1.5KG,210201,0.628,Flour
2002-10-01,SHOP MILK-WHOLE MILK-4PT/2LTR,211709,1.03,Milk
2002-10-01,SUGAR -GRANULATED-WHITE-PER KG,212101,0.6489543,Sugar
2002-11-01,BUTTER-HOME PRODUCED-250G,211301,0.7816788,Butter
2002-11-01,EGGS-MEDIUM-PER DOZ OR 2 X 6,211602,1.5777206,Eggs
2002-11-01,FLOUR-SELF-RAISING-1.5KG,210201,0.6304724,Flour
2002-11-01,SHOP MILK-WHOLE MILK-4PT/2LTR,211709,1.0349678,Milk
2002-11-01,SUGAR -GRANULATED-WHITE-PER KG,212101,0.643961,Sugar
2002-12-01,BUTTER-HOME PRODUCED-250G,211301,0.78613794,Butter
2002-12-01,EGGS-MEDIUM-PER DOZ OR 2 X 6,211602,1.586923,Eggs
2002-12-01,FLOUR-SELF-RAISING-1.5KG,210201,0.65548384,Flour
2002-12-01,SHOP MILK-WHOLE MILK-4PT/2LTR,211709,1.0326923,Milk
2002-12-01,SUGAR -GRANULATED-WHITE-PER KG,212101,0.6538961,Sugar
2003-01-01,BUTTER-HOME PRODUCED-250G,211301,0.7955319,Butter
2003-01-01,EGGS-MEDIUM-PER DOZ OR 2 X 6,211602,1.5695834,Eggs
2003-01-01,FLOUR-SELF-RAISING-1.5KG,210201,0.6475758,Flour
2003-01-01,SHOP MILK-WHOLE MILK-4PT/2LTR,211709,1.0350323,Milk
2003-01-01,SUGAR -GRANULATED-WHITE-PER KG,212101,0.6752866,Sugar
2003-02-01,BUTTER-HOME PRODUCED-250G,211301,0.79266185,Butter
2003-02-01,EGGS-MEDIUM-PER DOZ OR 2 X 6,211602,1.4630579,Eggs
2003-02-01,FLOUR-SELF-RAISING-1.5KG,210201,0.6387023,Flour
2003-02-01,SHOP MILK-WHOLE MILK-4PT/2LTR,211709,1.0289305,Milk
2003-02-01,SUGAR -GRANULATED-WHITE-PER KG,212101,0.67999995,Sugar
2003-03-01,BUTTER-HOME PRODUCED-250G,211301,0.7528261,Butter
2003-03-01,EGGS-MEDIUM-PER DOZ OR 2 X 6,211602,1.5759559,Eggs
2003-03-01,FLOUR-SELF-RAISING-1.5KG,210201,0.63137406,Flour
2003-03-01,SHOP MILK-WHOLE MILK-4PT/2LTR,211709,1.0272487,Milk
2003-03-01,SUGAR -GRANULATED-WHITE-PER KG,212101,0.6498324,Sugar
2003-04-01,BUTTER-HOME PRODUCED-250G,211301,0.7846491,Butter
2003-04-01,EGGS-MEDIUM-PER DOZ OR 2 X 6,211602,1.6470588,Eggs
2003-04-01,FLOUR-SELF-RAISING-1.5KG,210201,0.64954954,Flour
2003-04-01,SHOP MILK-WHOLE MILK-4PT/2LTR,211709,1.0314707,Milk
2003-04-01,SUGAR -GRANULATED-WHITE-PER KG,212101,0.66110426,Sugar
2003-05-01,BUTTER-HOME PRODUCED-250G,211301,0.80581194,Butter
2003-05-01,EGGS-MEDIUM-PER DOZ OR 2 X 6,211602,1.6358559,Eggs
2003-05-01,FLOUR-SELF-RAISING-1.5KG,210201,0.6530089,Flour
2003-05-01,SHOP MILK-WHOLE MILK-4PT/2LTR,211709,1.0183562,Milk
2003-05-01,SUGAR -GRANULATED-WHITE-PER KG,212101,0.66301674,Sugar
2003-06-01,BUTTER-HOME PRODUCED-250G,211301,0.80222225,Butter
2003-06-01,EGGS-MEDIUM-PER DOZ OR 2 X 6,211602,1.656,Eggs
2003-06-01,FLOUR-SELF-RAISING-1.5KG,210201,0.6502655,Flour
2003-06-01,SHOP MILK-WHOLE MILK-4PT/2LTR,211709,1.0159813,Milk
2003-06-01,SUGAR -GRANULATED-WHITE-PER KG,212101,0.66583335,Sugar
2003-07-01,BUTTER-HOME PRODUCED-250G,211301,0.80322033,Butter
2003-07-01,EGGS-MEDIUM-PER DOZ OR 2 X 6,211602,1.6430701,Eggs
2003-07-01,FLOUR-SELF-RAISING-1.5KG,210201,0.65284485,Flour
2003-07-01,SHOP MILK-WHOLE MILK-4PT/2LTR,211709,1.0592272,Milk
2003-07-01,SUGAR -GRANULATED-WHITE-PER KG,212101,0.68268156,Sugar
2003-08-01,BUTTER-HOME PRODUCED-250G,211301,0.8037719,Butter
2003-08-01,EGGS-MEDIUM-PER DOZ OR 2 X 6,211602,1.634878,Eggs
2003-08-01,FLOUR-SELF-RAISING-1.5KG,210201,0.65353984,Flour
2003-08-01,SHOP MILK-WHOLE MILK-4PT/2LTR,211709,1.0583568,Milk
2003-08-01,SUGAR -GRANULATED-WHITE-PER KG,212101,0.69761366,Sugar
2003-09-01,BUTTER-HOME PRODUCED-250G,211301,0.79721314,Butter
2003-09-01,EGGS-MEDIUM-PER DOZ OR 2 X 6,211602,1.6294737,Eggs
2003-09-01,FLOUR-SELF-RAISING-1.5KG,210201,0.6421818,Flour
2003-09-01,SHOP MILK-WHOLE MILK-4PT/2LTR,211709,1.0609633,Milk
2003-09-01,SUGAR -GRANULATED-WHITE-PER KG,212101,0.6992135,Sugar
2003-10-01,BUTTER-HOME PRODUCED-250G,211301,0.8098347,Butter
2003-10-01,EGGS-MEDIUM-PER DOZ OR 2 X 6,211602,1.6524324,Eggs
2003-10-01,FLOUR-SELF-RAISING-1.5KG,210201,0.6689474,Flour
2003-10-01,SHOP MILK-WHOLE MILK-4PT/2LTR,211709,1.0604225,Milk
2003-10-01,SUGAR -GRANULATED-WHITE-PER KG,212101,0.70049995,Sugar
2003-11-01,BUTTER-HOME PRODUCED-250G,211301,0.8002098,Butter
2003-11-01,EGGS-MEDIUM-PER DOZ OR 2 X 6,211602,1.6533587,Eggs
2003-11-01,FLOUR-SELF-RAISING-1.5KG,210201,0.6591667,Flour
2003-11-01,SHOP MILK-WHOLE MILK-4PT/2LTR,211709,1.0594468,Milk
2003-11-01,SUGAR -GRANULATED-WHITE-PER KG,212101,0.7112,Sugar
2003-12-01,BUTTER-HOME PRODUCED-250G,211301,0.8032847,Butter
2003-12-01,EGGS-MEDIUM-PER DOZ OR 2 X 6,211602,1.6683089,Eggs
2003-12-01,FLOUR-SELF-RAISING-1.5KG,210201,0.630073,Flour
2003-12-01,SHOP MILK-WHOLE MILK-4PT/2LTR,211709,1.0603797,Milk
2003-12-01,SUGAR -GRANULATED-WHITE-PER KG,212101,0.71257424,Sugar
2004-01-01,BUTTER-HOME PRODUCED-250G,211301,0.79805756,Butter
2004-01-01,EGGS-MEDIUM-PER DOZ OR 2 X 6,211602,1.648603,Eggs
2004-01-01,FLOUR-SELF-RAISING-1.5KG,210201,0.65902257,Flour
2004-01-01,SHOP MILK-WHOLE MILK-4PT/2LTR,211709,1.0600841,Milk
2004-01-01,SUGAR -GRANULATED-WHITE-PER KG,212101,0.7407,Sugar
2004-02-01,BUTTER-HOME PRODUCED-250G,211301,0.8049557,Butter
2004-02-01,EGGS-MEDIUM-PER DOZ OR 2 X 6,211602,1.527069,Eggs
2004-02-01,FLOUR-SELF-RAISING-1.5KG,210201,0.68109244,Flour
2004-02-01,SHOP MILK-WHOLE MILK-4PT/2LTR,211709,1.0616817,Milk
2004-02-01,SUGAR -GRANULATED-WHITE-PER KG,212101,0.7634536,Sugar
2004-03-01,BUTTER-HOME PRODUCED-250G,211301,0.80699116,Butter
2004-03-01,EGGS-MEDIUM-PER DOZ OR 2 X 6,211602,1.5161984,Eggs
2004-03-01,FLOUR-SELF-RAISING-1.5KG,210201,0.7029661,Flour
2004-03-01,SHOP MILK-WHOLE MILK-4PT/2LTR,211709,1.0570135,Milk
2004-03-01,SUGAR -GRANULATED-WHITE-PER KG,212101,0.7594473,Sugar
2004-04-01,BUTTER-HOME PRODUCED-250G,211301,0.81050426,Butter
2004-04-01,EGGS-MEDIUM-PER DOZ OR 2 X 6,211602,1.5611476,Eggs
2004-04-01,FLOUR-SELF-RAISING-1.5KG,210201,0.7023077,Flour
2004-04-01,SHOP MILK-WHOLE MILK-4PT/2LTR,211709,1.0485268,Milk
2004-04-01,SUGAR -GRANULATED-WHITE-PER KG,212101,0.758593,Sugar
2004-05-01,BUTTER-HOME PRODUCED-250G,211301,0.8053333,Butter
2004-05-01,EGGS-MEDIUM-PER DOZ OR 2 X 6,211602,1.5455999,Eggs
2004-05-01,FLOUR-SELF-RAISING-1.5KG,210201,0.6928926,Flour
2004-05-01,SHOP MILK-WHOLE MILK-4PT/2LTR,211709,1.05,Milk
2004-05-01,SUGAR -GRANULATED-WHITE-PER KG,212101,0.755505,Sugar
2004-06-01,BUTTER-HOME PRODUCED-250G,211301,0.80786884,Butter
2004-06-01,EGGS-MEDIUM-PER DOZ OR 2 X 6,211602,1.5659837,Eggs
2004-06-01,FLOUR-SELF-RAISING-1.5KG,210201,0.69107443,Flour
2004-06-01,SHOP MILK-WHOLE MILK-4PT/2LTR,211709,1.05,Milk
2004-06-01,SUGAR -GRANULATED-WHITE-PER KG,212101,0.76,Sugar
2004-07-01,BUTTER-HOME PRODUCED-250G,211301,0.81548387,Butter
2004-07-01,EGGS-MEDIUM-PER DOZ OR 2 X 6,211602,1.5511382,Eggs
2004-07-01,FLOUR-SELF-RAISING-1.5KG,210201,0.6855833,Flour
2004-07-01,SHOP MILK-WHOLE MILK-4PT/2LTR,211709,1.0466964,Milk
2004-07-01,SUGAR -GRANULATED-WHITE-PER KG,212101,0.7591133,Sugar
2004-08-01,BUTTER-HOME PRODUCED-250G,211301,0.81236845,Butter
2004-08-01,EGGS-MEDIUM-PER DOZ OR 2 X 6,211602,1.5362602,Eggs
2004-08-01,FLOUR-SELF-RAISING-1.5KG,210201,0.6890164,Flour
2004-08-01,SHOP MILK-WHOLE MILK-4PT/2LTR,211709,1.0529149,Milk
2004-08-01,SUGAR -GRANULATED-WHITE-PER KG,212101,0.75594056,Sugar
2004-09-01,BUTTER-HOME PRODUCED-250G,211301,0.81435484,Butter
2004-09-01,EGGS-MEDIUM-PER DOZ OR 2 X 6,211602,1.530315,Eggs
2004-09-01,FLOUR-SELF-RAISING-1.5KG,210201,0.6927049,Flour
2004-09-01,SHOP MILK-WHOLE MILK-4PT/2LTR,211709,1.0498598,Milk
2004-09-01,SUGAR -GRANULATED-WHITE-PER KG,212101,0.7568254,Sugar
2004-10-01,BUTTER-HOME PRODUCED-250G,211301,0.81246036,Butter
2004-10-01,EGGS-MEDIUM-PER DOZ OR 2 X 6,211602,1.5441732,Eggs
2004-10-01,FLOUR-SELF-RAISING-1.5KG,210201,0.6714754,Flour
2004-10-01,SHOP MILK-WHOLE MILK-4PT/2LTR,211709,1.0515625,Milk
2004-10-01,SUGAR -GRANULATED-WHITE-PER KG,212101,0.7382587,Sugar
2004-11-01,BUTTER-HOME PRODUCED-250G,211301,0.81084746,Butter
2004-11-01,EGGS-MEDIUM-PER DOZ OR 2 X 6,211602,1.554,Eggs
2004-11-01,FLOUR-SELF-RAISING-1.5KG,210201,0.69671994,Flour
2004-11-01,SHOP MILK-WHOLE MILK-4PT/2LTR,211709,1.0512162,Milk
2004-11-01,SUGAR -GRANULATED-WHITE-PER KG,212101,0.7535468,Sugar
2004-12-01,BUTTER-HOME PRODUCED-250G,211301,0.80496126,Butter
2004-12-01,EGGS-MEDIUM-PER DOZ OR 2 X 6,211602,1.5591044,Eggs
2004-12-01,FLOUR-SELF-RAISING-1.5KG,210201,0.6920325,Flour
2004-12-01,SHOP MILK-WHOLE MILK-4PT/2LTR,211709,1.0494666,Milk
2004-12-01,SUGAR -GRANULATED-WHITE-PER KG,212101,0.7531683,Sugar
2005-01-01,BUTTER-HOME PRODUCED-250G,211301,0.808806,Butter
2005-01-01,EGGS-MEDIUM-PER DOZ OR 2 X 6,211602,1.5441667,Eggs
2005-01-01,FLOUR-SELF-RAISING-1.5KG,210201,0.6880952,Flour
2005-01-01,SHOP MILK-WHOLE MILK-4PT/2LTR,211709,1.0508,Milk
2005-01-01,SUGAR -GRANULATED-WHITE-PER KG,212101,0.7586139,Sugar
2005-02-01,BUTTER-HOME PRODUCED-250G,211301,0.81593496,Butter
2005-02-01,EGGS-MEDIUM-PER DOZ OR 2 X 6,211602,1.5541177,Eggs
2005-02-01,FLOUR-SELF-RAISING-1.5KG,210201,0.6812605,Flour
2005-02-01,SHOP MILK-WHOLE MILK-4PT/2LTR,211709,1.0437037,Milk
2005-02-01,SUGAR -GRANULATED-WHITE-PER KG,212101,0.771649,Sugar
2005-03-01,BUTTER-HOME PRODUCED-250G,211301,0.810315,Butter
2005-03-01,EGGS-MEDIUM-PER DOZ OR 2 X 6,211602,1.5752381,Eggs
2005-03-01,FLOUR-SELF-RAISING-1.5KG,210201,0.6785,Flour
2005-03-01,SHOP MILK-WHOLE MILK-4PT/2LTR,211709,1.1154091,Milk
2005-03-01,SUGAR -GRANULATED-WHITE-PER KG,212101,0.7732973,Sugar
2005-04-01,BUTTER-HOME PRODUCED-250G,211301,0.8122138,Butter
2005-04-01,EGGS-MEDIUM-PER DOZ OR 2 X 6,211602,1.5623437,Eggs
2005-04-01,FLOUR-SELF-RAISING-1.5KG,210201,0.6809836,Flour
2005-04-01,SHOP MILK-WHOLE MILK-4PT/2LTR,211709,1.1173991,Milk
2005-04-01,SUGAR -GRANULATED-WHITE-PER KG,212101,0.77469075,Sugar
2005-05-01,BUTTER-HOME PRODUCED-250G,211301,0.7775641,Butter
2005-05-01,EGGS-MEDIUM-PER DOZ OR 2 X 6,211602,1.5531013,Eggs
2005-05-01,FLOUR-SELF-RAISING-1.5KG,210201,0.68626666,Flour
2005-05-01,SHOP MILK-WHOLE MILK-4PT/2LTR,211709,1.0380092,Milk
2005-05-01,SUGAR -GRANULATED-WHITE-PER KG,212101,0.7141346,Sugar
2005-06-01,BUTTER-HOME PRODUCED-250G,211301,0.8078102,Butter
2005-06-01,EGGS-MEDIUM-PER DOZ OR 2 X 6,211602,1.6007199,Eggs
2005-06-01,FLOUR-SELF-RAISING-1.5KG,210201,0.67912,Flour
2005-06-01,SHOP MILK-WHOLE MILK-4PT/2LTR,211709,1.1190498,Milk
2005-06-01,SUGAR -GRANULATED-WHITE-PER KG,212101,0.7743077,Sugar
2005-07-01,BUTTER-HOME PRODUCED-250G,211301,0.8056391,Butter
2005-07-01,EGGS-MEDIUM-PER DOZ OR 2 X 6,211602,1.5770454,Eggs
2005-07-01,FLOUR-SELF-RAISING-1.5KG,210201,0.6716,Flour
2005-07-01,SHOP MILK-WHOLE MILK-4PT/2LTR,211709,1.1165777,Milk
2005-07-01,SUGAR -GRANULATED-WHITE-PER KG,212101,0.7743523,Sugar
2005-08-01,BUTTER-HOME PRODUCED-250G,211301,0.79734373,Butter
2005-08-01,EGGS-MEDIUM-PER DOZ OR 2 X 6,211602,1.588077,Eggs
2005-08-01,FLOUR-SELF-RAISING-1.5KG,210201,0.67082644,Flour
2005-08-01,SHOP MILK-WHOLE MILK-4PT/2LTR,211709,1.114843,Milk
2005-08-01,SUGAR -GRANULATED-WHITE-PER KG,212101,0.7747938,Sugar
2005-09-01,BUTTER-HOME PRODUCED-250G,211301,0.7926724,Butter
2005-09-01,EGGS-MEDIUM-PER DOZ OR 2 X 6,211602,1.6022047,Eggs
2005-09-01,FLOUR-SELF-RAISING-1.5KG,210201,0.66786885,Flour
2005-09-01,SHOP MILK-WHOLE MILK-4PT/2LTR,211709,1.1159009,Milk
2005-09-01,SUGAR -GRANULATED-WHITE-PER KG,212101,0.77020615,Sugar
2005-10-01,BUTTER-HOME PRODUCED-250G,211301,0.79321426,Butter
2005-10-01,EGGS-MEDIUM-PER DOZ OR 2 X 6,211602,1.6047581,Eggs
2005-10-01,FLOUR-SELF-RAISING-1.5KG,210201,0.6595042,Flour
2005-10-01,SHOP MILK-WHOLE MILK-4PT/2LTR,211709,1.1193694,Milk
2005-10-01,SUGAR -GRANULATED-WHITE-PER KG,212101,0.7686598,Sugar
2005-11-01,BUTTER-HOME PRODUCED-250G,211301,0.78608334,Butter
2005-11-01,EGGS-MEDIUM-PER DOZ OR 2 X 6,211602,1.5979832,Eggs
2005-11-01,FLOUR-SELF-RAISING-1.5KG,210201,0.6692373,Flour
2005-11-01,SHOP MILK-WHOLE MILK-4PT/2LTR,211709,1.1192727,Milk
2005-11-01,SUGAR -GRANULATED-WHITE-PER KG,212101,0.78351486,Sugar
2005-12-01,BUTTER-HOME PRODUCED-250G,211301,0.7936923,Butter
2005-12-01,EGGS-MEDIUM-PER DOZ OR 2 X 6,211602,1.60664,Eggs
2005-12-01,FLOUR-SELF-RAISING-1.5KG,210201,0.6703361,Flour
2005-12-01,SHOP MILK-WHOLE MILK-4PT/2LTR,211709,1.1177169,Milk
2005-12-01,SUGAR -GRANULATED-WHITE-PER KG,212101,0.7669652,Sugar
2006-01-01,BUTTER-HOME PRODUCED-250G,211301,0.79806453,Butter
2006-01-01,EGGS-MEDIUM-PER DOZ OR 2 X 6,211602,1.5942063,Eggs
2006-01-01,FLOUR-SELF-RAISING-1.5KG,210201,0.67499995,Flour
2006-01-01,SHOP MILK-WHOLE MILK-4PT/2LTR,211709,1.1351163,Milk
2006-01-01,SUGAR -GRANULATED-WHITE-PER KG,212101,0.76536953,Sugar
2006-02-01,BUTTER-HOME PRODUCED-250G,211301,0.7958779,Butter
2006-02-01,EGGS-MEDIUM-PER DOZ OR 2 X 6,211602,1.5680343,Eggs
2006-02-01,FLOUR-SELF-RAISING-1.5KG,210201,0.67256,Flour
2006-02-01,SHOP MILK-WHOLE MILK-4PT/2LTR,211709,1.1640826,Milk
2006-02-01,SUGAR -GRANULATED-WHITE-PER KG,212101,0.76468295,Sugar
2006-03-01,BUTTER-HOME PRODUCED-250G,211301,0.80901515,Butter
2006-03-01,EGGS-MEDIUM-PER DOZ OR 2 X 6,211602,1.6023333,Eggs
2006-03-01,FLOUR-SELF-RAISING-1.5KG,210201,0.66907567,Flour
2006-03-01,SHOP MILK-WHOLE MILK-4PT/2LTR,211709,1.0663134,Milk
2006-03-01,SUGAR -GRANULATED-WHITE-PER KG,212101,0.75526565,Sugar
2006-04-01,BUTTER-HOME PRODUCED-250G,211301,0.805969,Butter
2006-04-01,EGGS-MEDIUM-PER DOZ OR 2 X 6,211602,1.570242,Eggs
2006-04-01,FLOUR-SELF-RAISING-1.5KG,210201,0.66834784,Flour
2006-04-01,SHOP MILK-WHOLE MILK-4PT/2LTR,211709,1.0668657,Milk
2006-04-01,SUGAR -GRANULATED-WHITE-PER KG,212101,0.7608205,Sugar
2006-05-01,BUTTER-HOME PRODUCED-250G,211301,0.8031496,Butter
2006-05-01,EGGS-MEDIUM-PER DOZ OR 2 X 6,211602,1.6018852,Eggs
2006-05-01,FLOUR-SELF-RAISING-1.5KG,210201,0.682735,Flour
2006-05-01,SHOP MILK-WHOLE MILK-4PT/2LTR,211709,1.0605936,Milk
2006-05-01,SUGAR -GRANULATED-WHITE-PER KG,212101,0.77738535,Sugar
2006-06-01,BUTTER-HOME PRODUCED-250G,211301,0.80515623,Butter
2006-06-01,EGGS-MEDIUM-PER DOZ OR 2 X 6,211602,1.6334167,Eggs
2006-06-01,FLOUR-SELF-RAISING-1.5KG,210201,0.6968,Flour
2006-06-01,SHOP MILK-WHOLE MILK-4PT/2LTR,211709,1.0752444,Milk
2006-06-01,SUGAR -GRANULATED-WHITE-PER KG,212101,0.77704036,Sugar
2006-07-01,BUTTER-HOME PRODUCED-250G,211301,0.8023016,Butter
2006-07-01,EGGS-MEDIUM-PER DOZ OR 2 X 6,211602,1.6151639,Eggs
2006-07-01,FLOUR-SELF-RAISING-1.5KG,210201,0.69264,Flour
2006-07-01,SHOP MILK-WHOLE MILK-4PT/2LTR,211709,1.1277579,Milk
2006-07-01,SUGAR -GRANULATED-WHITE-PER KG,212101,0.7785268,Sugar
2006-08-01,BUTTER-HOME PRODUCED-250G,211301,0.8057365,Butter
2006-08-01,EGGS-MEDIUM-PER DOZ OR 2 X 6,211602,1.6786441,Eggs
2006-08-01,FLOUR-SELF-RAISING-1.5KG,210201,0.7048,Flour
2006-08-01,SHOP MILK-WHOLE MILK-4PT/2LTR,211709,1.1289238,Milk
2006-08-01,SUGAR -GRANULATED-WHITE-PER KG,212101,0.7785973,Sugar
2006-09-01,BUTTER-HOME PRODUCED-250G,211301,0.8053383,Butter
2006-09-01,EGGS-MEDIUM-PER DOZ OR 2 X 6,211602,1.6780487,Eggs
2006-09-01,FLOUR-SELF-RAISING-1.5KG,210201,0.70420635,Flour
2006-09-01,SHOP MILK-WHOLE MILK-4PT/2LTR,211709,1.129292,Milk
2006-09-01,SUGAR -GRANULATED-WHITE-PER KG,212101,0.78004545,Sugar
2006-10-01,BUTTER-HOME PRODUCED-250G,211301,0.8057031,Butter
2006-10-01,EGGS-MEDIUM-PER DOZ OR 2 X 6,211602,1.6806897,Eggs
2006-10-01,FLOUR-SELF-RAISING-1.5KG,210201,0.705935,Flour
2006-10-01,SHOP MILK-WHOLE MILK-4PT/2LTR,211709,1.1298655,Milk
2006-10-01,SUGAR -GRANULATED-WHITE-PER KG,212101,0.7776471,Sugar
2006-11-01,BUTTER-HOME PRODUCED-250G,211301,0.80503935,Butter
2006-11-01,EGGS-MEDIUM-PER DOZ OR 2 X 6,211602,1.7009009,Eggs
2006-11-01,FLOUR-SELF-RAISING-1.5KG,210201,0.71317077,Flour
2006-11-01,SHOP MILK-WHOLE MILK-4PT/2LTR,211709,1.1310314,Milk
2006-11-01,SUGAR -GRANULATED-WHITE-PER KG,212101,0.77843046,Sugar
2006-12-01,BUTTER-HOME PRODUCED-250G,211301,0.80892307,Butter
2006-12-01,EGGS-MEDIUM-PER DOZ OR 2 X 6,211602,1.7849108,Eggs
2006-12-01,FLOUR-SELF-RAISING-1.5KG,210201,0.70912695,Flour
2006-12-01,SHOP MILK-WHOLE MILK-4PT/2LTR,211709,1.1276681,Milk
2006-12-01,SUGAR -GRANULATED-WHITE-PER KG,212101,0.77887857,Sugar
2007-01-01,BUTTER-HOME PRODUCED-250G,211301,0.7996154,Butter
2007-01-01,EGGS-MEDIUM-PER DOZ OR 2 X 6,211602,1.7921621,Eggs
2007-01-01,FLOUR-SELF-RAISING-1.5KG,210201,0.7044737,Flour
2007-01-01,SHOP MILK-WHOLE MILK-4PT/2LTR,211709,1.1335,Milk
2007-01-01,SUGAR -GRANULATED-WHITE-PER KG,212101,0.7911058,Sugar
2007-02-01,BUTTER-HOME PRODUCED-250G,211301,0.79573643,Butter
2007-02-01,EGGS-MEDIUM-PER DOZ OR 2 X 6,211602,1.8054783,Eggs
2007-02-01,FLOUR-SELF-RAISING-1.5KG,210201,0.7127193,Flour
2007-02-01,SHOP MILK-WHOLE MILK-4PT/2LTR,211709,1.1332288,Milk
2007-02-01,SUGAR -GRANULATED-WHITE-PER KG,212101,0.8074528,Sugar
2007-03-01,BUTTER-HOME PRODUCED-250G,211301,0.7941667,Butter
2007-03-01,EGGS-MEDIUM-PER DOZ OR 2 X 6,211602,1.8404033,Eggs
2007-03-01,FLOUR-SELF-RAISING-1.5KG,210201,0.74158734,Flour
2007-03-01,SHOP MILK-WHOLE MILK-4PT/2LTR,211709,1.1564602,Milk
2007-03-01,SUGAR -GRANULATED-WHITE-PER KG,212101,0.7966371,Sugar
2007-04-01,BUTTER-HOME PRODUCED-250G,211301,0.7876692,Butter
2007-04-01,EGGS-MEDIUM-PER DOZ OR 2 X 6,211602,1.845873,Eggs
2007-04-01,FLOUR-SELF-RAISING-1.5KG,210201,0.763,Flour
2007-04-01,SHOP MILK-WHOLE MILK-4PT/2LTR,211709,1.1654222,Milk
2007-04-01,SUGAR -GRANULATED-WHITE-PER KG,212101,0.797713,Sugar
2007-05-01,BUTTER-HOME PRODUCED-250G,211301,0.79392594,Butter
2007-05-01,EGGS-MEDIUM-PER DOZ OR 2 X 6,211602,1.8207753,Eggs
2007-05-01,FLOUR-SELF-RAISING-1.5KG,210201,0.7861654,Flour
2007-05-01,SHOP MILK-WHOLE MILK-4PT/2LTR,211709,1.1674888,Milk
2007-05-01,SUGAR -GRANULATED-WHITE-PER KG,212101,0.8197345,Sugar
2007-06-01,BUTTER-HOME PRODUCED-250G,211301,0.78684616,Butter
2007-06-01,EGGS-MEDIUM-PER DOZ OR 2 X 6,211602,1.8367717,Eggs
2007-06-01,FLOUR-SELF-RAISING-1.5KG,210201,0.78751934,Flour
2007-06-01,SHOP MILK-WHOLE MILK-4PT/2LTR,211709,1.1678026,Milk
2007-06-01,SUGAR -GRANULATED-WHITE-PER KG,212101,0.8382511,Sugar
2007-07-01,BUTTER-HOME PRODUCED-250G,211301,0.78100777,Butter
2007-07-01,EGGS-MEDIUM-PER DOZ OR 2 X 6,211602,1.8396773,Eggs
2007-07-01,FLOUR-SELF-RAISING-1.5KG,210201,0.7825926,Flour
2007-07-01,SHOP MILK-WHOLE MILK-4PT/2LTR,211709,1.1683929,Milk
2007-07-01,SUGAR -GRANULATED-WHITE-PER KG,212101,0.80136365,Sugar
2007-08-01,BUTTER-HOME PRODUCED-250G,211301,0.78373134,Butter
2007-08-01,EGGS-MEDIUM-PER DOZ OR 2 X 6,211602,1.9307812,Eggs
2007-08-01,FLOUR-SELF-RAISING-1.5KG,210201,0.77559054,Flour
2007-08-01,SHOP MILK-WHOLE MILK-4PT/2LTR,211709,1.1696035,Milk
2007-08-01,SUGAR -GRANULATED-WHITE-PER KG,212101,0.8159633,Sugar
2007-09-01,BUTTER-HOME PRODUCED-250G,211301,0.93941176,Butter
2007-09-01,EGGS-MEDIUM-PER DOZ OR 2 X 6,211602,2.0445948,Eggs
2007-09-01,FLOUR-SELF-RAISING-1.5KG,210201,0.8837985,Flour
2007-09-01,SHOP MILK-WHOLE MILK-4PT/2LTR,211709,1.3174889,Milk
2007-09-01,SUGAR -GRANULATED-WHITE-PER KG,212101,0.81688076,Sugar
2007-10-01,BUTTER-HOME PRODUCED-250G,211301,0.96528006,Butter
2007-10-01,EGGS-MEDIUM-PER DOZ OR 2 X 6,211602,2.2107937,Eggs
2007-10-01,FLOUR-SELF-RAISING-1.5KG,210201,0.8975373,Flour
2007-10-01,SHOP MILK-WHOLE MILK-4PT/2LTR,211709,1.3294324,Milk
2007-10-01,SUGAR -GRANULATED-WHITE-PER KG,212101,0.8228761,Sugar
2007-11-01,BUTTER-HOME PRODUCED-250G,211301,1.045303,Butter
2007-11-01,EGGS-MEDIUM-PER DOZ OR 2 X 6,211602,2.4132771,Eggs
2007-11-01,FLOUR-SELF-RAISING-1.5KG,210201,0.9044118,Flour
2007-11-01,SHOP MILK-WHOLE MILK-4PT/2LTR,211709,1.3413597,Milk
2007-11-01,SUGAR -GRANULATED-WHITE-PER KG,212101,0.8206727,Sugar
2007-12-01,BUTTER-HOME PRODUCED-250G,211301,1.0977099,Butter
2007-12-01,EGGS-MEDIUM-PER DOZ OR 2 X 6,211602,2.3926399,Eggs
2007-12-01,FLOUR-SELF-RAISING-1.5KG,210201,0.9009489,Flour
2007-12-01,SHOP MILK-WHOLE MILK-4PT/2LTR,211709,1.3381939,Milk
2007-12-01,SUGAR -GRANULATED-WHITE-PER KG,212101,0.81592107,Sugar
2008-01-01,BUTTER-HOME PRODUCED-250G,211301,1.103307,Butter
2008-01-01,EGGS-MEDIUM-PER DOZ OR 2 X 6,211602,2.4195535,Eggs
2008-01-01,FLOUR-SELF-RAISING-1.5KG,210201,0.9327007,Flour
2008-01-01,SHOP MILK-WHOLE MILK-4PT/2LTR,211709,1.3488889,Milk
2008-01-01,SUGAR -GRANULATED-WHITE-PER KG,212101,0.84709823,Sugar
2008-02-01,BUTTER-HOME PRODUCED-250G,211301,1.0861946,Butter
2008-02-01,EGGS-MEDIUM-PER DOZ OR 2 X 6,211602,2.4257143,Eggs
2008-02-01,FLOUR-SELF-RAISING-1.5KG,210201,0.92112786,Flour
2008-02-01,SHOP MILK-WHOLE MILK-4PT/2LTR,211709,1.340685,Milk
2008-02-01,SUGAR -GRANULATED-WHITE-PER KG,212101,0.8547945,Sugar
2008-03-01,BUTTER-HOME PRODUCED-250G,211301,1.0926154,Butter
2008-03-01,EGGS-MEDIUM-PER DOZ OR 2 X 6,211602,2.479516,Eggs
2008-03-01,FLOUR-SELF-RAISING-1.5KG,210201,0.9577941,Flour
2008-03-01,SHOP MILK-WHOLE MILK-4PT/2LTR,211709,1.3390001,Milk
2008-03-01,SUGAR -GRANULATED-WHITE-PER KG,212101,0.84371686,Sugar
2008-04-01,BUTTER-HOME PRODUCED-250G,211301,1.0836433,Butter
2008-04-01,EGGS-MEDIUM-PER DOZ OR 2 X 6,211602,2.5227048,Eggs
2008-04-01,FLOUR-SELF-RAISING-1.5KG,210201,0.97932833,Flour
2008-04-01,SHOP MILK-WHOLE MILK-4PT/2LTR,211709,1.34125,Milk
2008-04-01,SUGAR -GRANULATED-WHITE-PER KG,212101,0.8346296,Sugar
2008-05-01,BUTTER-HOME PRODUCED-250G,211301,1.0757576,Butter
2008-05-01,EGGS-MEDIUM-PER DOZ OR 2 X 6,211602,2.574878,Eggs
2008-05-01,FLOUR-SELF-RAISING-1.5KG,210201,0.97730774,Flour
2008-05-01,SHOP MILK-WHOLE MILK-4PT/2LTR,211709,1.3468162,Milk
2008-05-01,SUGAR -GRANULATED-WHITE-PER KG,212101,0.84572095,Sugar
2008-06-01,BUTTER-HOME PRODUCED-250G,211301,1.0734615,Butter
2008-06-01,EGGS-MEDIUM-PER DOZ OR 2 X 6,211602,2.6105738,Eggs
2008-06-01,FLOUR-SELF-RAISING-1.5KG,210201,1.0214286,Flour
2008-06-01,SHOP MILK-WHOLE MILK-4PT/2LTR,211709,1.4307623,Milk
2008-06-01,SUGAR -GRANULATED-WHITE-PER KG,212101,0.8839449,Sugar
2008-07-01,BUTTER-HOME PRODUCED-250G,211301,1.0905262,Butter
2008-07-01,EGGS-MEDIUM-PER DOZ OR 2 X 6,211602,2.5372949,Eggs
2008-07-01,FLOUR-SELF-RAISING-1.5KG,210201,1.0203788,Flour
2008-07-01,SHOP MILK-WHOLE MILK-4PT/2LTR,211709,1.4367874,Milk
2008-07-01,SUGAR -GRANULATED-WHITE-PER KG,212101,0.8731507,Sugar
2008-08-01,BUTTER-HOME PRODUCED-250G,211301,1.1014615,Butter
2008-08-01,EGGS-MEDIUM-PER DOZ OR 2 X 6,211602,2.57648,Eggs
2008-08-01,FLOUR-SELF-RAISING-1.5KG,210201,0.99816,Flour
2008-08-01,SHOP MILK-WHOLE MILK-4PT/2LTR,211709,1.4219556,Milk
2008-08-01,SUGAR -GRANULATED-WHITE-PER KG,212101,0.86808217,Sugar
2008-09-01,BUTTER-HOME PRODUCED-250G,211301,1.0911363,Butter
2008-09-01,EGGS-MEDIUM-PER DOZ OR 2 X 6,211602,2.616371,Eggs
2008-09-01,FLOUR-SELF-RAISING-1.5KG,210201,1.0206299,Flour
2008-09-01,SHOP MILK-WHOLE MILK-4PT/2LTR,211709,1.4246223,Milk
2008-09-01,SUGAR -GRANULATED-WHITE-PER KG,212101,0.8652,Sugar
2008-10-01,BUTTER-HOME PRODUCED-250G,211301,1.093582,Butter
2008-10-01,EGGS-MEDIUM-PER DOZ OR 2 X 6,211602,2.5880327,Eggs
2008-10-01,FLOUR-SELF-RAISING-1.5KG,210201,1.0423256,Flour
2008-10-01,SHOP MILK-WHOLE MILK-4PT/2LTR,211709,1.5103587,Milk
2008-10-01,SUGAR -GRANULATED-WHITE-PER KG,212101,0.8466222,Sugar
2008-11-01,BUTTER-HOME PRODUCED-250G,211301,1.0889705,Butter
2008-11-01,EGGS-MEDIUM-PER DOZ OR 2 X 6,211602,2.642439,Eggs
2008-11-01,FLOUR-SELF-RAISING-1.5KG,210201,1.0395489,Flour
2008-11-01,SHOP MILK-WHOLE MILK-4PT/2LTR,211709,1.5212889,Milk
2008-11-01,SUGAR -GRANULATED-WHITE-PER KG,212101,0.87707204,Sugar
2008-12-01,BUTTER-HOME PRODUCED-250G,211301,1.0920149,Butter
2008-12-01,EGGS-MEDIUM-PER DOZ OR 2 X 6,211602,2.630873,Eggs
2008-12-01,FLOUR-SELF-RAISING-1.5KG,210201,1.0384445,Flour
2008-12-01,SHOP MILK-WHOLE MILK-4PT/2LTR,211709,1.5014732,Milk
2008-12-01,SUGAR -GRANULATED-WHITE-PER KG,212101,0.8781416,Sugar
2009-01-01,BUTTER-HOME PRODUCED-250G,211301,1.0984999,Butter
2009-01-01,EGGS-MEDIUM-PER DOZ OR 2 X 6,211602,2.6194444,Eggs
2009-01-01,FLOUR-SELF-RAISING-1.5KG,210201,1.0443796,Flour
2009-01-01,SHOP MILK-WHOLE MILK-4PT/2LTR,211709,1.5009009,Milk
2009-01-01,SUGAR -GRANULATED-WHITE-PER KG,212101,0.8965596,Sugar
2009-02-01,BUTTER-HOME PRODUCED-250G,211301,1.0751493,Butter
2009-02-01,EGGS-MEDIUM-PER DOZ OR 2 X 6,211602,2.6192036,Eggs
2009-02-01,FLOUR-SELF-RAISING-1.5KG,210201,0.99348485,Flour
2009-02-01,SHOP MILK-WHOLE MILK-4PT/2LTR,211709,1.5007583,Milk
2009-02-01,SUGAR -GRANULATED-WHITE-PER KG,212101,0.9561951,Sugar
2009-03-01,BUTTER-HOME PRODUCED-250G,211301,1.0664234,Butter
2009-03-01,EGGS-MEDIUM-PER DOZ OR 2 X 6,211602,2.6482143,Eggs
2009-03-01,FLOUR-SELF-RAISING-1.5KG,210201,1.0317165,Flour
2009-03-01,SHOP MILK-WHOLE MILK-4PT/2LTR,211709,1.5000938,Milk
2009-03-01,SUGAR -GRANULATED-WHITE-PER KG,212101,0.95838565,Sugar
2009-04-01,BUTTER-HOME PRODUCED-250G,211301,1.029084,Butter
2009-04-01,EGGS-MEDIUM-PER DOZ OR 2 X 6,211602,2.6813333,Eggs
2009-04-01,FLOUR-SELF-RAISING-1.5KG,210201,1.0391791,Flour
2009-04-01,SHOP MILK-WHOLE MILK-4PT/2LTR,211709,1.501415,Milk
2009-04-01,SUGAR -GRANULATED-WHITE-PER KG,212101,0.9563839,Sugar
2009-05-01,BUTTER-HOME PRODUCED-250G,211301,1.0602307,Butter
2009-05-01,EGGS-MEDIUM-PER DOZ OR 2 X 6,211602,2.7606556,Eggs
2009-05-01,FLOUR-SELF-RAISING-1.5KG,210201,1.0308955,Flour
2009-05-01,SHOP MILK-WHOLE MILK-4PT/2LTR,211709,1.5211792,Milk
2009-05-01,SUGAR -GRANULATED-WHITE-PER KG,212101,1.0028125,Sugar
2009-06-01,BUTTER-HOME PRODUCED-250G,211301,1.0662405,Butter
2009-06-01,EGGS-MEDIUM-PER DOZ OR 2 X 6,211602,2.7721138,Eggs
2009-06-01,FLOUR-SELF-RAISING-1.5KG,210201,1.0426717,Flour
2009-06-01,SHOP MILK-WHOLE MILK-4PT/2LTR,211709,1.5026414,Milk
2009-06-01,SUGAR -GRANULATED-WHITE-PER KG,212101,0.95488685,Sugar
2009-07-01,BUTTER-HOME PRODUCED-250G,211301,1.0578831,Butter
2009-07-01,EGGS-MEDIUM-PER DOZ OR 2 X 6,211602,2.7514172,Eggs
2009-07-01,FLOUR-SELF-RAISING-1.5KG,210201,1.0442963,Flour
2009-07-01,SHOP MILK-WHOLE MILK-4PT/2LTR,211709,1.5215714,Milk
2009-07-01,SUGAR -GRANULATED-WHITE-PER KG,212101,0.9611556,Sugar
2009-08-01,BUTTER-HOME PRODUCED-250G,211301,1.0524638,Butter
2009-08-01,EGGS-MEDIUM-PER DOZ OR 2 X 6,211602,2.7440157,Eggs
2009-08-01,FLOUR-SELF-RAISING-1.5KG,210201,1.0576642,Flour
2009-08-01,SHOP MILK-WHOLE MILK-4PT/2LTR,211709,1.5189719,Milk
2009-08-01,SUGAR -GRANULATED-WHITE-PER KG,212101,0.95786667,Sugar
2009-09-01,BUTTER-HOME PRODUCED-250G,211301,1.0291971,Butter
2009-09-01,EGGS-MEDIUM-PER DOZ OR 2 X 6,211602,2.7375,Eggs
2009-09-01,FLOUR-SELF-RAISING-1.5KG,210201,1.0478832,Flour
2009-09-01,SHOP MILK-WHOLE MILK-4PT/2LTR,211709,1.496215,Milk
2009-09-01,SUGAR -GRANULATED-WHITE-PER KG,212101,0.950354,Sugar
2009-10-01,BUTTER-HOME PRODUCED-250G,211301,1.0096296,Butter
2009-10-01,EGGS-MEDIUM-PER DOZ OR 2 X 6,211602,2.7117355,Eggs
2009-10-01,FLOUR-SELF-RAISING-1.5KG,210201,1.0374453,Flour
2009-10-01,SHOP MILK-WHOLE MILK-4PT/2LTR,211709,1.4951643,Milk
2009-10-01,SUGAR -GRANULATED-WHITE-PER KG,212101,0.9500441,Sugar
2009-11-01,BUTTER-HOME PRODUCED-250G,211301,1.0444697,Butter
2009-11-01,EGGS-MEDIUM-PER DOZ OR 2 X 6,211602,2.7398412,Eggs
2009-11-01,FLOUR-SELF-RAISING-1.5KG,210201,1.0331885,Flour
2009-11-01,SHOP MILK-WHOLE MILK-4PT/2LTR,211709,1.496132,Milk
2009-11-01,SUGAR -GRANULATED-WHITE-PER KG,212101,0.95468754,Sugar
2009-12-01,BUTTER-HOME PRODUCED-250G,211301,1.0696295,Butter
2009-12-01,EGGS-MEDIUM-PER DOZ OR 2 X 6,211602,2.7592685,Eggs
2009-12-01,FLOUR-SELF-RAISING-1.5KG,210201,1.0388405,Flour
2009-12-01,SHOP MILK-WHOLE MILK-4PT/2LTR,211709,1.4987441,Milk
2009-12-01,SUGAR -GRANULATED-WHITE-PER KG,212101,0.97946435,Sugar
2010-01-01,BUTTER-HOME PRODUCED-250G,211301,1.0765185,Butter
2010-01-01,EGGS-MEDIUM-PER DOZ OR 2 X 6,211602,2.8058822,Eggs
2010-01-01,FLOUR-SELF-RAISING-1.5KG,210201,0.9805385,Flour
2010-01-01,SHOP MILK-WHOLE MILK-4PT/2LTR,211709,1.4730769,Milk
2010-01-01,SUGAR -GRANULATED-WHITE-PER KG,212101,0.9994144,Sugar
2010-02-01,BUTTER-HOME PRODUCED-250G,211301,1.0918897,Butter
2010-02-01,EGGS-MEDIUM-PER DOZ OR 2 X 6,211602,2.818165,Eggs
2010-02-01,FLOUR-SELF-RAISING-1.5KG,210201,0.9253782,Flour
2010-02-01,SHOP MILK-WHOLE MILK-4PT/2LTR,211709,1.4753636,Milk
2010-02-01,SUGAR -GRANULATED-WHITE-PER KG,212101,0.98784405,Sugar
2010-03-01,BUTTER-HOME PRODUCED-250G,211301,1.0795714,Butter
2010-03-01,EGGS-MEDIUM-PER DOZ OR 2 X 6,211602,2.803719,Eggs
2010-03-01,FLOUR-SELF-RAISING-1.5KG,210201,0.9756911,Flour
2010-03-01,SHOP MILK-WHOLE MILK-4PT/2LTR,211709,1.494454,Milk
2010-03-01,SUGAR -GRANULATED-WHITE-PER KG,212101,0.97659194,Sugar
2010-04-01,BUTTER-HOME PRODUCED-250G,211301,1.1004317,Butter
2010-04-01,EGGS-MEDIUM-PER DOZ OR 2 X 6,211602,2.77187,Eggs
2010-04-01,FLOUR-SELF-RAISING-1.5KG,210201,0.97695315,Flour
2010-04-01,SHOP MILK-WHOLE MILK-4PT/2LTR,211709,1.4825941,Milk
2010-04-01,SUGAR -GRANULATED-WHITE-PER KG,212101,0.97459227,Sugar
2010-05-01,BUTTER-HOME PRODUCED-250G,211301,1.0540287,Butter
2010-05-01,EGGS-MEDIUM-PER DOZ OR 2 X 6,211602,2.798033,Eggs
2010-05-01,FLOUR-SELF-RAISING-1.5KG,210201,0.97658336,Flour
2010-05-01,SHOP MILK-WHOLE MILK-4PT/2LTR,211709,1.4767933,Milk
2010-05-01,SUGAR -GRANULATED-WHITE-PER KG,212101,0.97329,Sugar
2010-06-01,BUTTER-HOME PRODUCED-250G,211301,1.1413767,Butter
2010-06-01,EGGS-MEDIUM-PER DOZ OR 2 X 6,211602,2.8134456,Eggs
2010-06-01,FLOUR-SELF-RAISING-1.5KG,210201,0.9928788,Flour
2010-06-01,SHOP MILK-WHOLE MILK-4PT/2LTR,211709,1.4791212,Milk
2010-06-01,SUGAR -GRANULATED-WHITE-PER KG,212101,0.97791487,Sugar
2010-07-01,BUTTER-HOME PRODUCED-250G,211301,1.1559124,Butter
2010-07-01,EGGS-MEDIUM-PER DOZ OR 2 X 6,211602,2.80824,Eggs
2010-07-01,FLOUR-SELF-RAISING-1.5KG,210201,0.96894735,Flour
2010-07-01,SHOP MILK-WHOLE MILK-4PT/2LTR,211709,1.4632068,Milk
2010-07-01,SUGAR -GRANULATED-WHITE-PER KG,212101,0.98299146,Sugar
2010-08-01,BUTTER-HOME PRODUCED-250G,211301,1.1269286,Butter
2010-08-01,EGGS-MEDIUM-PER DOZ OR 2 X 6,211602,2.8310237,Eggs
2010-08-01,FLOUR-SELF-RAISING-1.5KG,210201,0.9828777,Flour
2010-08-01,SHOP MILK-WHOLE MILK-4PT/2LTR,211709,1.4408402,Milk
2010-08-01,SUGAR -GRANULATED-WHITE-PER KG,212101,0.91935897,Sugar
2010-09-01,BUTTER-HOME PRODUCED-250G,211301,1.223913,Butter
2010-09-01,EGGS-MEDIUM-PER DOZ OR 2 X 6,211602,2.8210077,Eggs
2010-09-01,FLOUR-SELF-RAISING-1.5KG,210201,0.912406,Flour
2010-09-01,SHOP MILK-WHOLE MILK-4PT/2LTR,211709,1.423648,Milk
2010-09-01,SUGAR -GRANULATED-WHITE-PER KG,212101,0.93642855,Sugar
2010-10-01,BUTTER-HOME PRODUCED-250G,211301,1.2135211,Butter
2010-10-01,EGGS-MEDIUM-PER DOZ OR 2 X 6,211602,2.6878514,Eggs
2010-10-01,FLOUR-SELF-RAISING-1.5KG,210201,0.9520423,Flour
2010-10-01,SHOP MILK-WHOLE MILK-4PT/2LTR,211709,1.3388703,Milk
2010-10-01,SUGAR -GRANULATED-WHITE-PER KG,212101,0.9122269,Sugar
2010-11-01,BUTTER-HOME PRODUCED-250G,211301,1.2295556,Butter
2010-11-01,EGGS-MEDIUM-PER DOZ OR 2 X 6,211602,2.8294697,Eggs
2010-11-01,FLOUR-SELF-RAISING-1.5KG,210201,1.147037,Flour
2010-11-01,SHOP MILK-WHOLE MILK-4PT/2LTR,211709,1.3470887,Milk
2010-11-01,SUGAR -GRANULATED-WHITE-PER KG,212101,0.9002586,Sugar
2010-12-01,BUTTER-HOME PRODUCED-250G,211301,1.2287681,Butter
2010-12-01,EGGS-MEDIUM-PER DOZ OR 2 X 6,211602,2.8361194,Eggs
2010-12-01,FLOUR-SELF-RAISING-1.5KG,210201,1.1908209,Flour
2010-12-01,SHOP MILK-WHOLE MILK-4PT/2LTR,211709,1.4543643,Milk
2010-12-01,SUGAR -GRANULATED-WHITE-PER KG,212101,0.9634914,Sugar
2011-01-01,BUTTER-HOME PRODUCED-250G,211301,1.2409848,Butter
2011-01-01,EGGS-MEDIUM-PER DOZ OR 2 X 6,211602,2.8848093,Eggs
2011-01-01,FLOUR-SELF-RAISING-1.5KG,210201,1.2391912,Flour
2011-01-01,SHOP MILK-WHOLE MILK-4PT/2LTR,211709,1.4892468,Milk
2011-01-01,SUGAR -GRANULATED-WHITE-PER KG,212101,1.0168376,Sugar
2011-02-01,BUTTER-HOME PRODUCED-250G,211301,1.1899213,Butter
2011-02-01,EGGS-MEDIUM-PER DOZ OR 2 X 6,211602,2.8699193,Eggs
2011-02-01,FLOUR-SELF-RAISING-1.5KG,210201,1.13728,Flour
2011-02-01,SHOP MILK-WHOLE MILK-4PT/2LTR,211709,1.3624686,Milk
2011-02-01,SUGAR -GRANULATED-WHITE-PER KG,212101,1.0238183,Sugar
2011-03-01,BUTTER-HOME PRODUCED-250G,211301,1.1803571,Butter
2011-03-01,EGGS-MEDIUM-PER DOZ OR 2 X 6,211602,2.8771427,Eggs
2011-03-01,FLOUR-SELF-RAISING-1.5KG,210201,1.2083334,Flour
2011-03-01,SHOP MILK-WHOLE MILK-4PT/2LTR,211709,1.3034222,Milk
2011-03-01,SUGAR -GRANULATED-WHITE-PER KG,212101,0.94350874,Sugar
2011-04-01,BUTTER-HOME PRODUCED-250G,211301,1.2432116,Butter
2011-04-01,EGGS-MEDIUM-PER DOZ OR 2 X 6,211602,2.88448,Eggs
2011-04-01,FLOUR-SELF-RAISING-1.5KG,210201,1.1877205,Flour
2011-04-01,SHOP MILK-WHOLE MILK-4PT/2LTR,211709,1.3059583,Milk
2011-04-01,SUGAR -GRANULATED-WHITE-PER KG,212101,0.92573994,Sugar
2011-05-01,BUTTER-HOME PRODUCED-250G,211301,1.2447329,Butter
2011-05-01,EGGS-MEDIUM-PER DOZ OR 2 X 6,211602,2.90672,Eggs
2011-05-01,FLOUR-SELF-RAISING-1.5KG,210201,1.3071942,Flour
2011-05-01,SHOP MILK-WHOLE MILK-4PT/2LTR,211709,1.3018067,Milk
2011-05-01,SUGAR -GRANULATED-WHITE-PER KG,212101,1.0153165,Sugar
2011-06-01,BUTTER-HOME PRODUCED-250G,211301,1.3353732,Butter
2011-06-01,EGGS-MEDIUM-PER DOZ OR 2 X 6,211602,2.8918853,Eggs
2011-06-01,FLOUR-SELF-RAISING-1.5KG,210201,1.3140141,Flour
2011-06-01,SHOP MILK-WHOLE MILK-4PT/2LTR,211709,1.4408333,Milk
2011-06-01,SUGAR -GRANULATED-WHITE-PER KG,212101,1.0247436,Sugar
2011-07-01,BUTTER-HOME PRODUCED-250G,211301,1.3576119,Butter
2011-07-01,EGGS-MEDIUM-PER DOZ OR 2 X 6,211602,2.9355373,Eggs
2011-07-01,FLOUR-SELF-RAISING-1.5KG,210201,1.292,Flour
2011-07-01,SHOP MILK-WHOLE MILK-4PT/2LTR,211709,1.41825,Milk
2011-07-01,SUGAR -GRANULATED-WHITE-PER KG,212101,1.0390717,Sugar
2011-08-01,BUTTER-HOME PRODUCED-250G,211301,1.4295557,Butter
2011-08-01,EGGS-MEDIUM-PER DOZ OR 2 X 6,211602,2.9307086,Eggs
2011-08-01,FLOUR-SELF-RAISING-1.5KG,210201,1.2375,Flour
2011-08-01,SHOP MILK-WHOLE MILK-4PT/2LTR,211709,1.4183471,Milk
2011-08-01,SUGAR -GRANULATED-WHITE-PER KG,212101,1.041841,Sugar
2011-09-01,BUTTER-HOME PRODUCED-250G,211301,1.4317857,Butter
2011-09-01,EGGS-MEDIUM-PER DOZ OR 2 X 6,211602,2.8752,Eggs
2011-09-01,FLOUR-SELF-RAISING-1.5KG,210201,1.2750365,Flour
2011-09-01,SHOP MILK-WHOLE MILK-4PT/2LTR,211709,1.4171785,Milk
2011-09-01,SUGAR -GRANULATED-WHITE-PER KG,212101,1.0309829,Sugar
2011-10-01,BUTTER-HOME PRODUCED-250G,211301,1.4261594,Butter
2011-10-01,EGGS-MEDIUM-PER DOZ OR 2 X 6,211602,2.680811,Eggs
2011-10-01,FLOUR-SELF-RAISING-1.5KG,210201,1.2445714,Flour
2011-10-01,SHOP MILK-WHOLE MILK-4PT/2LTR,211709,1.2961764,Milk
2011-10-01,SUGAR -GRANULATED-WHITE-PER KG,212101,1.0407203,Sugar
2011-11-01,BUTTER-HOME PRODUCED-250G,211301,1.4160146,Butter
2011-11-01,EGGS-MEDIUM-PER DOZ OR 2 X 6,211602,2.7336066,Eggs
2011-11-01,FLOUR-SELF-RAISING-1.5KG,210201,1.1816176,Flour
2011-11-01,SHOP MILK-WHOLE MILK-4PT/2LTR,211709,1.2850622,Milk
2011-11-01,SUGAR -GRANULATED-WHITE-PER KG,212101,1.0612658,Sugar
2011-12-01,BUTTER-HOME PRODUCED-250G,211301,1.4172857,Butter
2011-12-01,EGGS-MEDIUM-PER DOZ OR 2 X 6,211602,2.7345037,Eggs
2011-12-01,FLOUR-SELF-RAISING-1.5KG,210201,1.1779137,Flour
2011-12-01,SHOP MILK-WHOLE MILK-4PT/2LTR,211709,1.2835124,Milk
2011-12-01,SUGAR -GRANULATED-WHITE-PER KG,212101,1.0829114,Sugar
2012-01-01,BUTTER-HOME PRODUCED-250G,211301,1.4457042,Butter
2012-01-01,EGGS-MEDIUM-PER DOZ OR 2 X 6,211602,2.6825192,Eggs
2012-01-01,FLOUR-SELF-RAISING-1.5KG,210201,1.2467605,Flour
2012-01-01,SHOP MILK-WHOLE MILK-4PT/2LTR,211709,1.237137,Milk
2012-01-01,SUGAR -GRANULATED-WHITE-PER KG,212101,1.0650877,Sugar
2012-02-01,BUTTER-HOME PRODUCED-250G,211301,1.4236232,Butter
2012-02-01,EGGS-MEDIUM-PER DOZ OR 2 X 6,211602,2.735077,Eggs
2012-02-01,FLOUR-SELF-RAISING-1.5KG,210201,1.1730597,Flour
2012-02-01,SHOP MILK-WHOLE MILK-4PT/2LTR,211709,1.2355042,Milk
2012-02-01,SUGAR -GRANULATED-WHITE-PER KG,212101,1.1311009,Sugar
2012-03-01,BUTTER-HOME PRODUCED-250G,211301,1.4035212,Butter
2012-03-01,EGGS-MEDIUM-PER DOZ OR 2 X 6,211602,2.8316278,Eggs
2012-03-01,FLOUR-SELF-RAISING-1.5KG,210201,1.2102174,Flour
2012-03-01,SHOP MILK-WHOLE MILK-4PT/2LTR,211709,1.2308333,Milk
2012-03-01,SUGAR -GRANULATED-WHITE-PER KG,212101,1.123234,Sugar
2012-04-01,BUTTER-HOME PRODUCED-250G,211301,1.4280143,Butter
2012-04-01,EGGS-MEDIUM-PER DOZ OR 2 X 6,211602,2.899375,Eggs
2012-04-01,FLOUR-SELF-RAISING-1.5KG,210201,1.2025735,Flour
2012-04-01,SHOP MILK-WHOLE MILK-4PT/2LTR,211709,1.213625,Milk
2012-04-01,SUGAR -GRANULATED-WHITE-PER KG,212101,1.1242918,Sugar
2012-05-01,BUTTER-HOME PRODUCED-250G,211301,1.3966206,Butter
2012-05-01,EGGS-MEDIUM-PER DOZ OR 2 X 6,211602,2.8754616,Eggs
2012-05-01,FLOUR-SELF-RAISING-1.5KG,210201,1.1928777,Flour
2012-05-01,SHOP MILK-WHOLE MILK-4PT/2LTR,211709,1.2302499,Milk
2012-05-01,SUGAR -GRANULATED-WHITE-PER KG,212101,1.1218376,Sugar
2012-06-01,BUTTER-HOME PRODUCED-250G,211301,1.3770423,Butter
2012-06-01,EGGS-MEDIUM-PER DOZ OR 2 X 6,211602,2.8812032,Eggs
2012-06-01,FLOUR-SELF-RAISING-1.5KG,210201,1.163741,Flour
2012-06-01,SHOP MILK-WHOLE MILK-4PT/2LTR,211709,1.2120833,Milk
2012-06-01,SUGAR -GRANULATED-WHITE-PER KG,212101,1.1183474,Sugar
2012-07-01,BUTTER-HOME PRODUCED-250G,211301,1.4269013,Butter
2012-07-01,EGGS-MEDIUM-PER DOZ OR 2 X 6,211602,2.8763971,Eggs
2012-07-01,FLOUR-SELF-RAISING-1.5KG,210201,1.1420587,Flour
2012-07-01,SHOP MILK-WHOLE MILK-4PT/2LTR,211709,1.205875,Milk
2012-07-01,SUGAR -GRANULATED-WHITE-PER KG,212101,1.1029203,Sugar
2012-08-01,BUTTER-HOME PRODUCED-250G,211301,1.3708904,Butter
2012-08-01,EGGS-MEDIUM-PER DOZ OR 2 X 6,211602,2.7903705,Eggs
2012-08-01,FLOUR-SELF-RAISING-1.5KG,210201,1.0846666,Flour
2012-08-01,SHOP MILK-WHOLE MILK-4PT/2LTR,211709,1.1882027,Milk
2012-08-01,SUGAR -GRANULATED-WHITE-PER KG,212101,1.0761088,Sugar
2012-09-01,BUTTER-HOME PRODUCED-250G,211301,1.3629166,Butter
2012-09-01,EGGS-MEDIUM-PER DOZ OR 2 X 6,211602,2.8189552,Eggs
2012-09-01,FLOUR-SELF-RAISING-1.5KG,210201,1.0876744,Flour
2012-09-01,SHOP MILK-WHOLE MILK-4PT/2LTR,211709,1.173693,Milk
2012-09-01,SUGAR -GRANULATED-WHITE-PER KG,212101,1.0738333,Sugar
2012-10-01,BUTTER-HOME PRODUCED-250G,211301,1.3452518,Butter
2012-10-01,EGGS-MEDIUM-PER DOZ OR 2 X 6,211602,2.7925375,Eggs
2012-10-01,FLOUR-SELF-RAISING-1.5KG,210201,1.0445113,Flour
2012-10-01,SHOP MILK-WHOLE MILK-4PT/2LTR,211709,1.1870886,Milk
2012-10-01,SUGAR -GRANULATED-WHITE-PER KG,212101,1.0773305,Sugar
2012-11-01,BUTTER-HOME PRODUCED-250G,211301,1.343264,Butter
2012-11-01,EGGS-MEDIUM-PER DOZ OR 2 X 6,211602,2.8252592,Eggs
2012-11-01,FLOUR-SELF-RAISING-1.5KG,210201,1.0408955,Flour
2012-11-01,SHOP MILK-WHOLE MILK-4PT/2LTR,211709,1.1935416,Milk
2012-11-01,SUGAR -GRANULATED-WHITE-PER KG,212101,1.0657322,Sugar
2012-12-01,BUTTER-HOME PRODUCED-250G,211301,1.3982979,Butter
2012-12-01,EGGS-MEDIUM-PER DOZ OR 2 X 6,211602,2.8691406,Eggs
2012-12-01,FLOUR-SELF-RAISING-1.5KG,210201,1.0753732,Flour
2012-12-01,SHOP MILK-WHOLE MILK-4PT/2LTR,211709,1.2690376,Milk
2012-12-01,SUGAR -GRANULATED-WHITE-PER KG,212101,1.0919915,Sugar
2013-01-01,BUTTER-HOME PRODUCED-250G,211301,1.4152519,Butter
2013-01-01,EGGS-MEDIUM-PER DOZ OR 2 X 6,211602,2.795191,Eggs
2013-01-01,FLOUR-SELF-RAISING-1.5KG,210201,1.1178195,Flour
2013-01-01,SHOP MILK-WHOLE MILK-4PT/2LTR,211709,1.2750623,Milk
2013-01-01,SUGAR -GRANULATED-WHITE-PER KG,212101,1.0698334,Sugar
